id,wo,module,kind,anchor,used_for,hook,thread,source,retail_class,retail_reason,retail_probe,probe_spec,notes
D-001,?,multi,global,player entity id 0x7777 (Dude),hard-coded entity id of the local player (wo138/139/141/143 all use it),none,main,wo138.cpp:220,C,no retail evidence,,none,"Engine-assigned id of the player entity, observed live (engine::entity_by_id(0x7777)); not derived. Other uses: wo139.cpp:33, wo141.cpp:658/1128, wo143.cpp:337/350/873. WO that introduced it is unknowable from these files."
D-002,pre-WO-4,CrySystem.dll,global,"GetModuleHandleA(""CrySystem.dll"") polled every 250 ms for up to 60 s",wait for the engine before touching anything,none,worker,dllmain.cpp:61,C,no retail evidence,,none,MT-only: on retail no CrySystem.dll ever loads; the loop just times out and the next gate fails.
D-003,pre-WO-4,CrySystem.dll,global,"gate: probe_rttr() && rttr::validate() must both succeed or plugin_main returns 0 (whole plugin aborts, no pipe, no hook)",porting-critical hard gate on the split-module CrySystem export table,none,worker,dllmain.cpp:65,C,no retail evidence,,none,Single point of failure for a retail port: nothing below runs unless CrySystem.dll exports the rttr symbols. validate() itself calls rttr on the worker thread (only read-only).
D-004,pre-WO-4,WHGame.dll,global,gate: main_thread::install() must succeed (IAT patch) or plugin aborts 'refusing to touch game state from this thread',second hard gate,none,worker,dllmain.cpp:67,C,no retail evidence,,none,Depends on the Framework.dll IAT import - MT-only.
D-005,pre-WO-4,WHGame.dll,global,"GetModuleHandleA(""WHGame.dll"") as the IAT importer module",module whose IAT is patched,none,main,main_thread.cpp:34,C,no retail evidence,,none,WHGame.dll exists on retail too (one monolith); the IAT entry it would patch does not (see above).
D-006,pre-WO-4,Framework.dll,global,"IAT provider module name ""Framework.dll"" (import descriptor lookup by name, _stricmp)",select the import descriptor,none,main,main_thread.cpp:35,C,no retail evidence,,none,Framework.dll does not exist on retail.
D-007,pre-WO-4,Framework.dll,export,?Update@C_ModulesManager@framework@wh@@QEAAXM@Z,"IMPORT of WHGame.dll from Framework.dll (found by walking WHGame import descriptors, import-by-name match); the per-frame heartbeat: C_ModulesManager::Update(this, float dt) - every main-thread task, tick and run_sync rides it",iat,main,main_thread.cpp:36,B,export absent on retail; alternative string/RTTI anchor exists,"str found, 1 fn; MT control ok",exp:?Update@C_ModulesManager@framework@wh@@QEAAXM@Z|via-str:wh::framework::C_ModulesManager::ProcessMessage,MT-only scheme: needs WHGame to IMPORT the symbol from a separate Framework.dll. Retail has no such import (inferred: Framework is merged) so a detour on the function inside WHGame is required. (data-verified) retail has no C_ModulesManager RTTI and only the label string wh::framework::C_ModulesManager::ProcessMessage; the Update function itself has no string anchor found (inconclusive).
D-008,pre-WO-4,multi,struct-field,"PE export directory walk with prefix / suffix match (find_export, find_export_suffix, unique match required)",resolve ~35 rttr + faction exports by mangled-name prefix,none,main,pe_exports.h:20,C,no retail evidence,,none,MT-only assumption: the modules export hundreds of C++ symbols by name. Retail WHGame exports only CreateInstance@C_Game + CreateGameStartup.
D-009,pre-WO-4,multi,global,"pipe thread calls rttr::apply_damage/apply_death/set_ghost_faction_*/find_soul_by_guid, sctx::apply_isolation, npcscan, leash, wo131..wo143 handlers ONLY through main_thread::run_sync (frame hook)",thread-ownership rule: every engine touch is marshalled onto the game thread,none,pipe,pipe_server.cpp:521,C,no retail evidence,,none,Behavioural dependency: retail needs a working frame hook or the pipe replies Timeout/failure to everything (3.5 s bound).
D-010,"pre-WO-4, WO-141",CrySystem.dll,export,?get_by_name@type@rttr@@,RTTR entry point: type::get_by_name(string_view),none,main,rttr_abi.cpp:141; wo141.cpp:926,B,export absent on retail; alternative string/RTTI anchor exists,"str found, 1 fn; MT control ok",exp:?get_by_name@type@rttr@@|str:wh::rpgmodule::Soul,"RETAIL: not exported (merged WHGame exports only 2 C++ symbols) -> needs a new anchor (RTTR registry reachable from a type string such as wh::rpgmodule::Soul, present once on retail, or a prologue signature). [also used in 1 other file(s)]"
D-011,pre-WO-4,CrySystem.dll,export,?is_valid@type@rttr@@,RTTR entry point: type::is_valid,none,main,rttr_abi.cpp:142,B,export absent on retail; alternative string/RTTI anchor exists,"str found, 1 fn; MT control ok",exp:?is_valid@type@rttr@@|via-str:wh::rpgmodule::Soul,"RETAIL: not exported (merged WHGame exports only 2 C++ symbols) -> needs a new anchor (RTTR registry reachable from a type string such as wh::rpgmodule::Soul, present once on retail, or a prologue signature)."
D-012,pre-WO-4,CrySystem.dll,export,?get_method@type@rttr@@ (excluding 'vector' overload),RTTR entry point: type::get_method(string_view),none,main,rttr_abi.cpp:145,B,export absent on retail; alternative string/RTTI anchor exists,"str found, 1 fn; MT control ok",via-str:wh::rpgmodule::Soul,"RETAIL: not exported (merged WHGame exports only 2 C++ symbols) -> needs a new anchor (RTTR registry reachable from a type string such as wh::rpgmodule::Soul, present once on retail, or a prologue signature)."
D-013,pre-WO-4,CrySystem.dll,export,?get_property@type@rttr@@ (excluding 'vector' overload),RTTR entry point: type::get_property(string_view),none,main,rttr_abi.cpp:146,B,export absent on retail; alternative string/RTTI anchor exists,"str found, 1 fn; MT control ok",via-str:wh::rpgmodule::Soul,"RETAIL: not exported (merged WHGame exports only 2 C++ symbols) -> needs a new anchor (RTTR registry reachable from a type string such as wh::rpgmodule::Soul, present once on retail, or a prologue signature)."
D-014,pre-WO-4,CrySystem.dll,export,?is_valid@method@rttr@@,RTTR entry point: method::is_valid,none,main,rttr_abi.cpp:147,B,export absent on retail; alternative string/RTTI anchor exists,"str found, 1 fn; MT control ok",exp:?is_valid@method@rttr@@|via-str:wh::rpgmodule::Soul,"RETAIL: not exported (merged WHGame exports only 2 C++ symbols) -> needs a new anchor (RTTR registry reachable from a type string such as wh::rpgmodule::Soul, present once on retail, or a prologue signature)."
D-015,pre-WO-4,CrySystem.dll,export,?get_name@method@rttr@@,RTTR entry point: method::get_name,none,main,rttr_abi.cpp:148,B,export absent on retail; alternative string/RTTI anchor exists,"str found, 1 fn; MT control ok",exp:?get_name@method@rttr@@|via-str:wh::rpgmodule::Soul,"RETAIL: not exported (merged WHGame exports only 2 C++ symbols) -> needs a new anchor (RTTR registry reachable from a type string such as wh::rpgmodule::Soul, present once on retail, or a prologue signature)."
D-016,pre-WO-4,CrySystem.dll,export,?get_signature@method@rttr@@,RTTR entry point: method::get_signature,none,main,rttr_abi.cpp:149,B,export absent on retail; alternative string/RTTI anchor exists,"str found, 1 fn; MT control ok",exp:?get_signature@method@rttr@@|via-str:wh::rpgmodule::Soul,"RETAIL: not exported (merged WHGame exports only 2 C++ symbols) -> needs a new anchor (RTTR registry reachable from a type string such as wh::rpgmodule::Soul, present once on retail, or a prologue signature)."
D-017,pre-WO-4,CrySystem.dll,export,?is_valid@property@rttr@@,RTTR entry point: property::is_valid,none,main,rttr_abi.cpp:150,B,export absent on retail; alternative string/RTTI anchor exists,"str found, 1 fn; MT control ok",exp:?is_valid@property@rttr@@|via-str:wh::rpgmodule::Soul,"RETAIL: not exported (merged WHGame exports only 2 C++ symbols) -> needs a new anchor (RTTR registry reachable from a type string such as wh::rpgmodule::Soul, present once on retail, or a prologue signature)."
D-018,pre-WO-4,CrySystem.dll,export,?get_property_value@type@rttr@@QEBA,"RTTR entry point: type::get_property_value(string_view,instance) const (every reflected read)",none,main,rttr_abi.cpp:153,B,export absent on retail; alternative string/RTTI anchor exists,"str found, 1 fn; MT control ok",exp:?get_property_value@type@rttr@@QEBA|via-str:wh::rpgmodule::Soul,"RETAIL: not exported (merged WHGame exports only 2 C++ symbols) -> needs a new anchor (RTTR registry reachable from a type string such as wh::rpgmodule::Soul, present once on retail, or a prologue signature)."
D-019,"pre-WO-4, WO-141",CrySystem.dll,export,??1variant@rttr@@QEAA@XZ,RTTR entry point: variant::~variant,none,main,rttr_abi.cpp:155; wo141.cpp:928,B,export absent on retail; alternative string/RTTI anchor exists,"str found, 1 fn; MT control ok",exp:??1variant@rttr@@QEAA@XZ|via-str:wh::rpgmodule::Soul,"RETAIL: not exported (merged WHGame exports only 2 C++ symbols) -> needs a new anchor (RTTR registry reachable from a type string such as wh::rpgmodule::Soul, present once on retail, or a prologue signature). [also used in 1 other file(s)]"
D-020,"pre-WO-4, WO-137",CrySystem.dll,export,?is_valid@variant@rttr@@,RTTR entry point: variant::is_valid (distinguishes real invoke from silent mismatch),none,main,rttr_abi.cpp:157; wo137.cpp:959,B,export absent on retail; alternative string/RTTI anchor exists,"str found, 1 fn; MT control ok",exp:?is_valid@variant@rttr@@|via-str:wh::rpgmodule::Soul,"RETAIL: not exported (merged WHGame exports only 2 C++ symbols) -> needs a new anchor (RTTR registry reachable from a type string such as wh::rpgmodule::Soul, present once on retail, or a prologue signature). [also used in 1 other file(s)]"
D-021,pre-WO-4,CrySystem.dll,export,?get_enumeration@type@rttr@@QEBA,RTTR entry point: type::get_enumeration,none,main,rttr_abi.cpp:160,B,export absent on retail; alternative string/RTTI anchor exists,"str found, 1 fn; MT control ok",exp:?get_enumeration@type@rttr@@QEBA|via-str:wh::rpgmodule::Soul,"RETAIL: not exported (merged WHGame exports only 2 C++ symbols) -> needs a new anchor (RTTR registry reachable from a type string such as wh::rpgmodule::Soul, present once on retail, or a prologue signature)."
D-022,pre-WO-4,CrySystem.dll,export,?name_to_value@enumeration@rttr@@QEBA,RTTR entry point: enumeration::name_to_value,none,main,rttr_abi.cpp:162,B,export absent on retail; alternative string/RTTI anchor exists,"str found, 1 fn; MT control ok",exp:?name_to_value@enumeration@rttr@@QEBA|via-str:wh::rpgmodule::Soul,"RETAIL: not exported (merged WHGame exports only 2 C++ symbols) -> needs a new anchor (RTTR registry reachable from a type string such as wh::rpgmodule::Soul, present once on retail, or a prologue signature)."
D-023,pre-WO-4,CrySystem.dll,export,??0argument@rttr@@QEAA@AEBVvariant@1@@Z,RTTR entry point: argument::argument(const variant&) (layout oracle),none,main,rttr_abi.cpp:164,B,export absent on retail; alternative string/RTTI anchor exists,"str found, 1 fn; MT control ok",exp:??0argument@rttr@@QEAA@AEBVvariant@1@@Z|via-str:wh::rpgmodule::Soul,"RETAIL: not exported (merged WHGame exports only 2 C++ symbols) -> needs a new anchor (RTTR registry reachable from a type string such as wh::rpgmodule::Soul, present once on retail, or a prologue signature)."
D-024,pre-WO-4,CrySystem.dll,export,?invoke@method@rttr@@QEBA ... suffix Vinstance@2@Vargument@2@@Z,"RTTR entry point: method::invoke(instance, 1 arg)",none,main,rttr_abi.cpp:168,B,export absent on retail; alternative string/RTTI anchor exists,"str found, 1 fn; MT control ok",via-str:wh::rpgmodule::Soul,"RETAIL: not exported (merged WHGame exports only 2 C++ symbols) -> needs a new anchor (RTTR registry reachable from a type string such as wh::rpgmodule::Soul, present once on retail, or a prologue signature)."
D-025,pre-WO-4,CrySystem.dll,export,?invoke@method@rttr@@QEBA ... suffix Vinstance@2@Vargument@2@11@Z,"RTTR entry point: method::invoke(instance, 3 args)",none,main,rttr_abi.cpp:171,B,export absent on retail; alternative string/RTTI anchor exists,"str found, 1 fn; MT control ok",via-str:wh::rpgmodule::Soul,"RETAIL: not exported (merged WHGame exports only 2 C++ symbols) -> needs a new anchor (RTTR registry reachable from a type string such as wh::rpgmodule::Soul, present once on retail, or a prologue signature)."
D-026,pre-WO-4,CrySystem.dll,export,?invoke@method@rttr@@QEBA ... suffix Vinstance@2@Vargument@2@1@Z,"RTTR entry point: method::invoke(instance, 2 args)",none,main,rttr_abi.cpp:174,B,export absent on retail; alternative string/RTTI anchor exists,"str found, 1 fn; MT control ok",via-str:wh::rpgmodule::Soul,"RETAIL: not exported (merged WHGame exports only 2 C++ symbols) -> needs a new anchor (RTTR registry reachable from a type string such as wh::rpgmodule::Soul, present once on retail, or a prologue signature)."
D-027,pre-WO-4,CrySystem.dll,export,?create_associative_view@variant@rttr@@,RTTR entry point: variant::create_associative_view,none,main,rttr_abi.cpp:178,B,export absent on retail; alternative string/RTTI anchor exists,"str found, 1 fn; MT control ok",exp:?create_associative_view@variant@rttr@@|via-str:wh::rpgmodule::Soul,"RETAIL: not exported (merged WHGame exports only 2 C++ symbols) -> needs a new anchor (RTTR registry reachable from a type string such as wh::rpgmodule::Soul, present once on retail, or a prologue signature)."
D-028,pre-WO-4,CrySystem.dll,export,?is_valid@variant_associative_view@rttr@@,RTTR entry point: variant_associative_view::is_valid,none,main,rttr_abi.cpp:180,B,export absent on retail; alternative string/RTTI anchor exists,"str found, 1 fn; MT control ok",exp:?is_valid@variant_associative_view@rttr@@|via-str:wh::rpgmodule::Soul,"RETAIL: not exported (merged WHGame exports only 2 C++ symbols) -> needs a new anchor (RTTR registry reachable from a type string such as wh::rpgmodule::Soul, present once on retail, or a prologue signature)."
D-029,pre-WO-4,CrySystem.dll,export,?get_size@variant_associative_view@rttr@@,RTTR entry point: variant_associative_view::get_size,none,main,rttr_abi.cpp:182,B,export absent on retail; alternative string/RTTI anchor exists,"str found, 1 fn; MT control ok",exp:?get_size@variant_associative_view@rttr@@|via-str:wh::rpgmodule::Soul,"RETAIL: not exported (merged WHGame exports only 2 C++ symbols) -> needs a new anchor (RTTR registry reachable from a type string such as wh::rpgmodule::Soul, present once on retail, or a prologue signature)."
D-030,pre-WO-4,CrySystem.dll,export,?begin@variant_associative_view@rttr@@QEAA ... suffix ?AViterator@12@XZ,RTTR entry point: associative_view::begin (non-const),none,main,rttr_abi.cpp:186,B,export absent on retail; alternative string/RTTI anchor exists,"str found, 1 fn; MT control ok",via-str:wh::rpgmodule::Soul,"RETAIL: not exported (merged WHGame exports only 2 C++ symbols) -> needs a new anchor (RTTR registry reachable from a type string such as wh::rpgmodule::Soul, present once on retail, or a prologue signature)."
D-031,pre-WO-4,CrySystem.dll,export,??1variant_associative_view@rttr@@QEAA@XZ,RTTR entry point: associative_view::~associative_view,none,main,rttr_abi.cpp:189,B,export absent on retail; alternative string/RTTI anchor exists,"str found, 1 fn; MT control ok",exp:??1variant_associative_view@rttr@@QEAA@XZ|via-str:wh::rpgmodule::Soul,"RETAIL: not exported (merged WHGame exports only 2 C++ symbols) -> needs a new anchor (RTTR registry reachable from a type string such as wh::rpgmodule::Soul, present once on retail, or a prologue signature)."
D-032,pre-WO-4,CrySystem.dll,export,??Diterator@variant_associative_view@rttr@@QEAA,"RTTR entry point: iterator::operator* (pair<variant,variant>)",none,main,rttr_abi.cpp:191,B,export absent on retail; alternative string/RTTI anchor exists,"str found, 1 fn; MT control ok",exp:??Diterator@variant_associative_view@rttr@@QEAA|via-str:wh::rpgmodule::Soul,"RETAIL: not exported (merged WHGame exports only 2 C++ symbols) -> needs a new anchor (RTTR registry reachable from a type string such as wh::rpgmodule::Soul, present once on retail, or a prologue signature)."
D-033,pre-WO-4,CrySystem.dll,export,??1iterator@variant_associative_view@rttr@@QEAA@XZ,RTTR entry point: iterator::~iterator,none,main,rttr_abi.cpp:193,B,export absent on retail; alternative string/RTTI anchor exists,"str found, 1 fn; MT control ok",exp:??1iterator@variant_associative_view@rttr@@QEAA@XZ|via-str:wh::rpgmodule::Soul,"RETAIL: not exported (merged WHGame exports only 2 C++ symbols) -> needs a new anchor (RTTR registry reachable from a type string such as wh::rpgmodule::Soul, present once on retail, or a prologue signature)."
D-034,pre-WO-4,CrySystem.dll,export,?end@variant_associative_view@rttr@@QEAA ... suffix ?AViterator@12@XZ,RTTR entry point: associative_view::end (non-const),none,main,rttr_abi.cpp:195,B,export absent on retail; alternative string/RTTI anchor exists,"str found, 1 fn; MT control ok",via-str:wh::rpgmodule::Soul,"RETAIL: not exported (merged WHGame exports only 2 C++ symbols) -> needs a new anchor (RTTR registry reachable from a type string such as wh::rpgmodule::Soul, present once on retail, or a prologue signature)."
D-035,pre-WO-4,CrySystem.dll,export,??Eiterator@variant_associative_view@rttr@@QEAA ... suffix AEAV012@XZ,RTTR entry point: iterator::operator++ (prefix),none,main,rttr_abi.cpp:200,B,export absent on retail; alternative string/RTTI anchor exists,"str found, 1 fn; MT control ok",via-str:wh::rpgmodule::Soul,"RETAIL: not exported (merged WHGame exports only 2 C++ symbols) -> needs a new anchor (RTTR registry reachable from a type string such as wh::rpgmodule::Soul, present once on retail, or a prologue signature)."
D-036,pre-WO-4,CrySystem.dll,export,??9iterator@variant_associative_view@rttr@@QEBA,RTTR entry point: iterator::operator!=,none,main,rttr_abi.cpp:203,B,export absent on retail; alternative string/RTTI anchor exists,"str found, 1 fn; MT control ok",exp:??9iterator@variant_associative_view@rttr@@QEBA|via-str:wh::rpgmodule::Soul,"RETAIL: not exported (merged WHGame exports only 2 C++ symbols) -> needs a new anchor (RTTR registry reachable from a type string such as wh::rpgmodule::Soul, present once on retail, or a prologue signature)."
D-037,pre-WO-4,CrySystem.dll,export,?get_methods@type@rttr@@ ... suffix @2@XZ,RTTR entry point: type::get_methods() no-filter overload (vtable slot 0xB8 read inside),none,main,rttr_abi.cpp:209,B,export absent on retail; alternative string/RTTI anchor exists,"str found, 1 fn; MT control ok",via-str:wh::rpgmodule::Soul,"RETAIL: not exported (merged WHGame exports only 2 C++ symbols) -> needs a new anchor (RTTR registry reachable from a type string such as wh::rpgmodule::Soul, present once on retail, or a prologue signature)."
D-038,pre-WO-4,CrySystem.dll,export,?get_properties@type@rttr@@ ... suffix @2@XZ,RTTR entry point: type::get_properties() no-filter overload,none,main,rttr_abi.cpp:211,B,export absent on retail; alternative string/RTTI anchor exists,"str found, 1 fn; MT control ok",via-str:wh::rpgmodule::Soul,"RETAIL: not exported (merged WHGame exports only 2 C++ symbols) -> needs a new anchor (RTTR registry reachable from a type string such as wh::rpgmodule::Soul, present once on retail, or a prologue signature)."
D-039,pre-WO-4,CrySystem.dll,export,?get_name@property@rttr@@,RTTR entry point: property::get_name,none,main,rttr_abi.cpp:213,B,export absent on retail; alternative string/RTTI anchor exists,"str found, 1 fn; MT control ok",exp:?get_name@property@rttr@@|via-str:wh::rpgmodule::Soul,"RETAIL: not exported (merged WHGame exports only 2 C++ symbols) -> needs a new anchor (RTTR registry reachable from a type string such as wh::rpgmodule::Soul, present once on retail, or a prologue signature)."
D-040,pre-WO-4,Shared.dll,export,?GetWritableInstance@C_GameInterface@shared@wh@@,root object: wh::shared::C_GameInterface::GetWritableInstance(),none,main,rttr_abi.cpp:219,C,"export absent on retail; class RTTI absent, name-string absent",,exp:?GetWritableInstance@C_GameInterface@shared@wh@@,"Split-module export (Shared.dll); not present on retail. Everything in rttr_abi (walk_to_soul, find_soul_by_guid...) starts here."
D-041,pre-WO-4,RPGModule.dll,string-anchor,wh::rpgmodule::Soul.Guid,Soul.Guid -> CryGUID 16 bytes inline,none,main,rttr_abi.cpp:2196,A,"string present, 10 referencing function(s); string found in retail and referenced by exactly one function","str found, 10 fn; str found, 1 fn; MT control ok",via-str:Guid|str:wh::rpgmodule::Soul,"Reflected property; copied out of variant.data. Generic member name (data-verified present in retail .rdata): validate by RTTR lookup on retail, not by string."
D-042,pre-WO-4,RPGModule.dll,string-anchor,wh::rpgmodule::CombatSoul::HasCombatHistoryWithSoul,"method HasCombatHistoryWithSoul(I_Soul*,float seconds)->bool",none,main,rttr_abi.cpp:2375,A,string found in retail and referenced by exactly one function,"str found, 1 fn; str found, 1 fn; MT control ok",via-str:HasCombatHistoryWithSoul|str:wh::rpgmodule::CombatSoul,Reflected method; 2 args. Name+argument types are the ABI; absent => invalid variant / no-op. (data-verified) method name string present on retail.
D-043,pre-WO-4,RPGModule.dll,string-anchor,wh::rpgmodule::Soul,rttr type: Soul (GetState/SetState/CombatSoul/FactionNode/Position/Guid/IsDead...),none,main,rttr_abi.cpp:245,A,string found in retail and referenced by exactly one function,"str found, 1 fn; MT control ok",str:wh::rpgmodule::Soul,"Reflected class name registered in this build's rttr registry. (data-verified) string present (exact, once or more) in retail WHGame.dll .rdata; registration itself not checked."
D-044,pre-WO-4,RPGModule.dll,string-anchor,wh::rpgmodule::Soul::SetState,"method Soul::SetState(SoulState,float); valid variant = applied",none,main,rttr_abi.cpp:280,A,"string present, 3 referencing function(s); string found in retail and referenced by exactly one function","str found, 3 fn; str found, 1 fn; MT control ok",via-str:SetState|str:wh::rpgmodule::Soul,Reflected method; 2 args. Name+argument types are the ABI; absent => invalid variant / no-op. (data-verified) method name string present on retail.
D-045,pre-WO-4,RPGModule.dll,string-anchor,wh::rpgmodule::CombatSoul,"rttr type: CombatSoul (TakeDamage, HasCombatHistoryWithSoul, HasWeaponInHand...)",none,main,rttr_abi.cpp:282,A,string found in retail and referenced by exactly one function,"str found, 1 fn; MT control ok",str:wh::rpgmodule::CombatSoul,"Reflected class name registered in this build's rttr registry. (data-verified) string present (exact, once or more) in retail WHGame.dll .rdata; registration itself not checked."
D-046,pre-WO-4,RPGModule.dll,string-anchor,wh::shared::GameInterface,rttr type: GameInterface (RPGModule property) - the instance comes from GetWritableInstance,none,main,rttr_abi.cpp:427,A,string found in retail and referenced by exactly one function,"str found, 1 fn; MT control ok",str:wh::shared::GameInterface,"Reflected class name registered in this build's rttr registry. (data-verified) string present (exact, once or more) in retail WHGame.dll .rdata; registration itself not checked."
D-047,pre-WO-4,RPGModule.dll,string-anchor,wh::shared::GameInterface.RPGModule,GameInterface.RPGModule -> C_RPGModule*,none,main,rttr_abi.cpp:427,A,"string present, 2 referencing function(s); string found in retail and referenced by exactly one function","str found, 2 fn; str found, 1 fn; MT control ok",via-str:RPGModule|str:wh::shared::GameInterface,"Reflected property; pointer in variant.data[0..7]. Generic member name (data-verified present in retail .rdata): validate by RTTR lookup on retail, not by string."
D-048,pre-WO-4,RPGModule.dll,string-anchor,wh::rpgmodule::RPGModule,"rttr type: RPGModule (SoulList, FactionManager)",none,main,rttr_abi.cpp:434,A,string found in retail and referenced by exactly one function,"str found, 1 fn; MT control ok",str:wh::rpgmodule::RPGModule,"Reflected class name registered in this build's rttr registry. (data-verified) string present (exact, once or more) in retail WHGame.dll .rdata; registration itself not checked."
D-049,pre-WO-4,RPGModule.dll,string-anchor,wh::rpgmodule::RPGModule.SoulList,RPGModule.SoulList -> SoulList*,none,main,rttr_abi.cpp:434,A,string found in retail and referenced by exactly one function,"str found, 1 fn; str found, 1 fn; MT control ok",via-str:SoulList|str:wh::rpgmodule::RPGModule,"Reflected property; pointer. Generic member name (data-verified present in retail .rdata): validate by RTTR lookup on retail, not by string."
D-050,pre-WO-4,RPGModule.dll,string-anchor,wh::rpgmodule::SoulList,"rttr type: SoulList (SoulsByGuid, SoulCount, PlayerSoul)",none,main,rttr_abi.cpp:442,A,string found in retail and referenced by exactly one function,"str found, 1 fn; MT control ok",str:wh::rpgmodule::SoulList,"Reflected class name registered in this build's rttr registry. (data-verified) string present (exact, once or more) in retail WHGame.dll .rdata; registration itself not checked."
D-051,pre-WO-4,RPGModule.dll,string-anchor,wh::rpgmodule::SoulList.SoulCount,SoulList.SoulCount -> int (layout checkpoint),none,main,rttr_abi.cpp:442,A,string found in retail and referenced by exactly one function,"str found, 1 fn; str found, 1 fn; MT control ok",via-str:SoulCount|str:wh::rpgmodule::SoulList,"Reflected property; int; 0<n<=100000 sanity. Generic member name (data-verified present in retail .rdata): validate by RTTR lookup on retail, not by string."
D-052,pre-WO-4,RPGModule.dll,string-anchor,wh::rpgmodule::SoulList.PlayerSoul,SoulList.PlayerSoul -> I_Soul* (local player),none,main,rttr_abi.cpp:451,A,string found in retail and referenced by exactly one function,"str found, 1 fn; str found, 1 fn; MT control ok",via-str:PlayerSoul|str:wh::rpgmodule::SoulList,"Reflected property; re-read fresh (load rebuilds it). Generic member name (data-verified present in retail .rdata): validate by RTTR lookup on retail, not by string."
D-053,pre-WO-4,RPGModule.dll,string-anchor,wh::rpgmodule::Soul.CombatSoul,Soul.CombatSoul -> C_CombatSoul*,none,main,rttr_abi.cpp:455,A,string found in retail and referenced by exactly one function,"str found, 1 fn; str found, 1 fn; MT control ok",via-str:CombatSoul|str:wh::rpgmodule::Soul,"Reflected property; pointer. Generic member name (data-verified present in retail .rdata): validate by RTTR lookup on retail, not by string."
D-054,pre-WO-4,RPGModule.dll,string-anchor,wh::rpgmodule::SoulState,"rttr enum: SoulState; names used: health, stamina, hunger, exhaust (name_to_value -> uint64 word)",none,main,rttr_abi.cpp:511,A,string found in retail and referenced by exactly one function,"str found, 1 fn; MT control ok",str:wh::rpgmodule::SoulState,Enum registered with rttr; value words are copied from variant.data[0..7]; 4 names used.
D-055,pre-WO-4,RPGModule.dll,string-anchor,"wh::rpgmodule::SoulState enumerator name ""health""",enumeration::name_to_value(name) -> uint64 word used as GetState/SetState argument,none,main,rttr_abi.cpp:527,A,"string present, 9 referencing function(s); string found in retail and referenced by exactly one function","str found, 9 fn; str found, 1 fn; MT control ok",via-str:health|str:wh::rpgmodule::SoulState,"(data-verified) string present once, NUL-delimited, in retail .rdata; enumerator registration itself not checked. Value word is copied out of variant.data[0..7]."
D-056,pre-WO-4,RPGModule.dll,string-anchor,wh::rpgmodule::Soul::GetState,method Soul::GetState(SoulState)->float (health/stamina/...),none,main,rttr_abi.cpp:565,A,"string present, 4 referencing function(s); string found in retail and referenced by exactly one function","str found, 4 fn; str found, 1 fn; MT control ok",via-str:GetState|str:wh::rpgmodule::Soul,Reflected method; sig read back at resolve; 1 arg. Name+argument types are the ABI; absent => invalid variant / no-op. (data-verified) method name string present on retail.
D-057,pre-WO-4,RPGModule.dll,string-anchor,float,rttr type named 'float' used as TakeDamage/SetState/HasCombatHistory argument type,none,main,rttr_abi.cpp:685,B,"string present, 19 referencing function(s); string/RTTI present but not unique or unreferenced in code","str found, 19 fn; MT control ok",str:float,Primitive registered in rttr as 'float'.
D-058,pre-WO-4,RPGModule.dll,string-anchor,wh::rpgmodule::I_Soul*,"rttr pointer type for Attacker / I_Soul* args (alt spellings 'classwh::rpgmodule::I_Soul*', 'wh::rpgmodule::I_Soul *' tried)",none,main,rttr_abi.cpp:686,B,"string present, 4 referencing function(s); string/RTTI present but not unique or unreferenced in code","str found, 4 fn; MT control ok",str:wh::rpgmodule::I_Soul*,Registered pointer-type name; spelling probed at runtime.
D-059,pre-WO-4,RPGModule.dll,string-anchor,wh::rpgmodule::CombatSoul::TakeDamage,"method CombatSoul::TakeDamage(float Stamina,float Health,I_Soul* Attacker,bool SuppressHitReaction,BodyPartData InjureBodypart); 2 or 3 args supplied, rest default",none,main,rttr_abi.cpp:710,A,string found in retail and referenced by exactly one function,"str found, 1 fn; str found, 1 fn; MT control ok",via-str:TakeDamage|str:wh::rpgmodule::CombatSoul,Reflected method; arg ORDER is engine ABI (attacker is 3rd; a bool there silently no-ops). Name+argument types are the ABI; absent => invalid variant / no-op. (data-verified) method name string present on retail.
D-060,pre-WO-4,RPGModule.dll,string-anchor,wh::rpgmodule::Soul.Position,Soul.Position -> Vec3 (12 bytes inline in variant),none,main,rttr_abi.cpp:812,A,"string present, 45 referencing function(s); string found in retail and referenced by exactly one function","str found, 45 fn; str found, 1 fn; MT control ok",via-str:Position|str:wh::rpgmodule::Soul,"Reflected property; metres. Generic member name (data-verified present in retail .rdata): validate by RTTR lookup on retail, not by string."
D-061,pre-WO-4,RPGModule.dll,string-anchor,wh::rpgmodule::SoulList.SoulsByGuid,"SoulList.SoulsByGuid -> unordered_map<CryGUID,C_Soul*>",none,main,rttr_abi.cpp:846,A,string found in retail and referenced by exactly one function,"str found, 1 fn; str found, 1 fn; MT control ok",via-str:SoulsByGuid|str:wh::rpgmodule::SoulList,"Reflected property; assoc view. Generic member name (data-verified present in retail .rdata): validate by RTTR lookup on retail, not by string."
D-062,pre-WO-4,RPGModule.dll,struct-field,SoulsByGuid key = 16 raw bytes CryGUID in memory order (first three fields little-endian); value slot = C_Soul* (not I_Soul*),identity of a soul for lookup / attribution,none,main,rttr_abi.cpp:868,B,"owning class C_Soul, I_Soul has RTTI in retail; layout/slot must be re-derived from its methods (inferred)",,none,2 facts; note PlayerSoul returns I_Soul* subobject while the map stores C_Soul* - compare by GUID not pointer (rttr_abi.cpp:2184).
D-063,pre-WO-4,RPGModule.dll,string-anchor,wh::rpgmodule::Soul.IsDead,Soul.IsDead -> bool (also IsBleeding/IsStarving via soul_bool),none,main,rttr_abi.cpp:970,A,"string present, 3 referencing function(s); string found in retail and referenced by exactly one function","str found, 3 fn; str found, 1 fn; MT control ok",via-str:IsDead|str:wh::rpgmodule::Soul,"Reflected property; bool inline. Generic member name (data-verified present in retail .rdata): validate by RTTR lookup on retail, not by string."
D-064,pre-WO-4,multi,struct-field,"MSVC x64 class-return ABI as modelled: static fn RCX=&ret,RDX..=params; member fn RCX=this,RDX=&ret,R8..=params; class-typed params always by address",every hand-declared RTTR entry point in rttr_abi.h,none,main,rttr_abi.h:14,C,no retail evidence,,none,"Compiler ABI, read from CrySystem disassembly; same MSVC x64 rules hold on retail but each retail RTTR function still needs re-locating, and Warhorse-fork sizes (argument 24 B, variant 24 B, string_view args) must be re-proven on the retail build (inferred same fork)."
D-065,pre-WO-4,CrySystem.dll,struct-field,"rttr array_range = {begin,end} first 16 B of a 96 B buffer; elements are 8-byte method/property pointers",enumerate methods/properties of a type (probe_dice_class),none,main,rttr_abi.h:218,C,no retail evidence,,none,"2 fields read; read from Ghidra decompile (vtable slot 0xB8, offsets 0x68/0x70 methods, 0x50/0x58 properties)."
D-066,pre-WO-4,CrySystem.dll,struct-field,"variant_associative_view buffers: view 512 B, iterator 256 B, pair<variant,variant> 128 B (over-allocated); pair.first.data/pair.second.data each hold a pointer","walk SoulList::SoulsByGuid (unordered_map<CryGUID,C_Soul*>)",none,main,rttr_abi.h:238,C,no retail evidence,,none,"key pointer -> 16 raw CryGUID bytes (memcmp), value pointer -> C_Soul* (deref once). Sizes are over-allocations, not measured."
D-067,pre-WO-4,CrySystem.dll,struct-field,rttr::type/method/property/enumeration = one pointer (8 B) each,by-value wrappers returned through RCX/RDX hidden pointer,none,main,rttr_abi.h:39,C,no retail evidence,,none,"4 types; MSVC x64 class-return ABI (this,sret order) read from disassembly; Warhorse RTTR fork (string_view args)."
D-068,pre-WO-4,CrySystem.dll,struct-field,rttr::variant = 24 B {char data[16]; void* policy@+0x10},return buffers for every get_property_value / invoke; dtor via exported ~variant,none,main,rttr_abi.h:51,C,no retail evidence,,none,2 fields; scalars/pointers read from data[0..]; larger values hold pointer to storage.
D-069,pre-WO-4,CrySystem.dll,struct-field,"rttr::argument = 24 B; recipe: w[0]=w[1]=&value, w[2]=type.data (32-byte zeroed buffer)","hand-built invoke arguments for raw floats, enum values, pointers, std::string",none,main,rttr_abi.h:63,C,no retail evidence,,none,3 words; proven against GetState/TakeDamage. Warhorse fork is 24 B not 16 B.
D-070,pre-WO-4,CrySystem.dll,struct-field,"rttr::instance built as {type, type, obj}/24 B (layout index 0) else {type,obj}/16",instance argument for every reflected read/invoke (g_layout),none,main,rttr_abi.h:78,C,no retail evidence,,none,Layout discovered at runtime by the SoulCount checkpoint; chosen one is cached in g_layout.
D-071,WO-6,PlayerModule.dll,struct-field,C_Dice+0x650 (bool written by SetPauseWorldTime); sampled window 0x700 bytes,diff-logged research sampler of the captured dice instance (memcpy of 0x700 bytes each tick),none,main,dice_hook.cpp:135,B,"depends on parent ""C_Dice::SetPauseWorldTime"" which has no retail anchor; owning class C_Dice has RTTI in retail; layout/slot must be re-derived from its methods (inferred)",,offset-of:C_Dice::SetPauseWorldTime,(code-verified) read-only SEH-guarded diff sampler (sample_instance_if_changed via main_thread::post_repeating); +0x650 was seen in the disassembly; the rest of the window is unproven. Research only.
D-072,WO-6,PlayerModule.dll,export,?SetPauseWorldTime@C_Dice@playermodule@wh@@QEAAX_N@Z,C_Dice::SetPauseWorldTime(bool): inline-detoured to capture the live C_Dice* (this) for a diff sampler of the object,detour,engine-any,dice_hook.cpp:57,C,"export absent on retail; class RTTI present, name-string absent",,exp:?SetPauseWorldTime@C_Dice@playermodule@wh@@QEAAX_N@Z,"(code-verified) resolved with GetProcAddress; 12-byte patch (mov rax,imm64; jmp rax) over 13 stolen bytes (48 89 5C 24 08 57 48 83 EC 20 48 8B D9 ...) that are copied to a trampoline - NO byte verification of the prologue before patching and NO thread suspension. Installed from the plugin thread (dllmain.cpp:188, not via run_sync). Who calls it and on which thread: unknown (code says judged, not proven, rare; the hook body only stores this and calls the trampoline). MT-only: PlayerModule.dll export. OFF-MAIN: the code patch itself is written from the plugin thread while the game runs. RETAIL CHECK (data-verified, read-only scan of <RETAIL> WHGame.dll): exp:?SetPauseWorldTime@C_Dice@playermodule@wh@@QEAAX_N@Z ABSENT in retail exports (WHGame exports 42 names, none C++)."
D-073,WO-6,CrySystem.dll,string-anchor,wh::playermodule::C_Dice,probe_dice_class only: rttr get_by_name + get_methods/get_properties dump,none,main,rttr_abi.cpp:2057,C,anchor string absent in retail [inconclusive: the recorded anchor also fails on the Modding Tools control],str absent; MT control anchor not found in any MT module,str:wh::playermodule::C_Dice,Probe-only; not registered in rttr per its own log message. (data-verified) wh::playermodule::C_Dice string is absent from retail too.
D-074,WO-10,WHGame.dll,global,"frame tick only starts once a save/world is loaded OR at the main menu (observed 1.5.5: tick live at the MAIN MENU, pipe up there)",DLL waits up to 300 s for the first Update frame before walking the soul list / starting the pipe,none,worker,dllmain.cpp:98,C,no retail evidence,,none,Behavioural assumption about when Update first ticks; retail timing unverified (inconclusive).
D-075,WO-15,RPGModule.dll,export,?SetParent@C_FactionBase@rpgmodule@wh@@,C_FactionBase::SetParent (vtable-slot identity check / base address),none,main,rttr_abi.cpp:1160,C,"export absent on retail; class RTTI present, name-string absent",,exp:?SetParent@C_FactionBase@rpgmodule@wh@@,RPGModule export; not exported on retail. SetParent is virtual (UEAA) - address used only to prove slot 11 is not the base.
D-076,WO-15,RPGModule.dll,string-anchor,wh::rpgmodule::Soul.FactionNode,Soul.FactionNode -> NPCFaction*,none,main,rttr_abi.cpp:1267,A,string found in retail and referenced by exactly one function,"str found, 1 fn; str found, 1 fn; MT control ok",via-str:FactionNode|str:wh::rpgmodule::Soul,"Reflected property; pointer. Generic member name (data-verified present in retail .rdata): validate by RTTR lookup on retail, not by string."
D-077,WO-15,RPGModule.dll,string-anchor,wh::rpgmodule::NPCFaction,rttr type: NPCFaction (Parent shared_ptr<C_Faction>),none,main,rttr_abi.cpp:1280,A,string found in retail and referenced by exactly one function,"str found, 1 fn; MT control ok",str:wh::rpgmodule::NPCFaction,"Reflected class name registered in this build's rttr registry. (data-verified) string present (exact, once or more) in retail WHGame.dll .rdata; registration itself not checked."
D-078,WO-15,RPGModule.dll,string-anchor,wh::rpgmodule::NPCFaction.Parent,NPCFaction.Parent -> shared_ptr<C_Faction> (read twice for an independently-owned copy; SetParent destroys its argument),none,main,rttr_abi.cpp:1288,A,"string present, 7 referencing function(s); string found in retail and referenced by exactly one function","str found, 7 fn; str found, 1 fn; MT control ok",via-str:Parent|str:wh::rpgmodule::NPCFaction,"Reflected property; shared_ptr 16 B: variant.data holds ptr. Generic member name (data-verified present in retail .rdata): validate by RTTR lookup on retail, not by string."
D-079,WO-15,RPGModule.dll,struct-field,C_FactionBase::SetParent(std::shared_ptr<C_Faction>) by-value shared_ptr: callee assigns parent_ then RELEASES its own argument; 16-byte zero buffer = empty shared_ptr (detach),ownership rule for faction attach/detach,none,main,rttr_abi.cpp:1303,B,"depends on parent ""C_FactionBase::SetParent"" which has no retail anchor; owning class C_FactionBase, C_Faction has RTTI in retail; layout/slot must be re-derived from its methods (inferred)",,offset-of:C_FactionBase::SetParent,Decompile-verified (Ghidra) ownership behaviour; shared_ptr control-block semantics MSVC STL.
D-080,WO-15,RPGModule.dll,string-anchor,wh::rpgmodule::RPGModule.FactionManager,RPGModule.FactionManager (probe_faction),none,main,rttr_abi.cpp:1401,A,string found in retail and referenced by exactly one function,"str found, 1 fn; str found, 1 fn; MT control ok",via-str:FactionManager|str:wh::rpgmodule::RPGModule,"Reflected property; pointer. Generic member name (data-verified present in retail .rdata): validate by RTTR lookup on retail, not by string."
D-081,WO-15,RPGModule.dll,string-anchor,wh::rpgmodule::C_FactionManager,rttr type: C_FactionManager (GetFaction) - probe_faction only,none,main,rttr_abi.cpp:1405,A,string found in retail and referenced by exactly one function,"str found, 1 fn; MT control ok",str:wh::rpgmodule::C_FactionManager,"Reflected class name registered in this build's rttr registry. (data-verified) string present (exact, once or more) in retail WHGame.dll .rdata; registration itself not checked."
D-082,WO-15,RPGModule.dll,string-anchor,wh::rpgmodule::C_FactionManager::GetFaction,"method GetFaction(string)->shared_ptr<C_Faction> (probe only, flaky)",none,main,rttr_abi.cpp:1412,A,string found in retail and referenced by exactly one function,"str found, 1 fn; str found, 1 fn; MT control ok",via-str:GetFaction|str:wh::rpgmodule::C_FactionManager,Reflected method; std::string arg shape unverified. Name+argument types are the ABI; absent => invalid variant / no-op. (data-verified) method name string present on retail.
D-083,WO-17,RPGModule.dll,struct-field,donor soul GUID literal 4fc4eb57-9f12-4b65-8acc-ed9fb3f8730a (prepadeni_bandit_1 soul; its FactionNode.Parent is the hostile faction),hostile-faction donor for ghost aggro attach,none,main,rttr_abi.cpp:1495,D,"data-carried name: absent from the retail binary as a literal but present in game data (Tables.pak:Libs/Tables/rpg/soul__prepadeni.tbl), which is identical in both builds",str absent; MT control anchor not found in any MT module,str:prepadeni_bandit_1,"SAVE-DATA dependency, not binary: needs that soul to exist in SoulList of this save. (data-verified) the string prepadeni_bandit_1 is absent from the retail exe (only prepadeniNaCeste seen); soul ids live in pak/save data."
D-084,WO-20,CryScriptSystem.dll,struct-field,"Lua closure+0x28 -> descriptor; descriptor+0x28 = native callback address; descriptor+0x40 = name (pointer-to-string tried first, then inline)",recover a scriptbind's real native address/module/name from tostring(luaFn) address (pipe 0x05 diagnostic),none,main,lua_closure.cpp:74,C,no retail evidence,,none,"3 offsets taken from an external retail-side reference and never independently proven by this project (header says so: treat one 'looks right' as inconclusive); diagnostic only, not on any product path."
D-085,WO-20,multi,global,GetModuleHandleExA(FROM_ADDRESS) to classify the native callback's module and RVA,corroborate the descriptor read (module + RVA),none,main,lua_closure.cpp:91,C,no retail evidence,,none,On retail the module name will always be WHGame.dll; the evidence value drops.
D-086,WO-43,EntityModule.dll,vtable-slot,C_Actor vtbl+0xE48,"C_Player::PlayAnim(actor, fragment, tags) called through the actor's vtable (research diagnostic; WO-44 shows it is a bare single-fragment player)",none,main,combat_playanim.cpp:100,B,class vtable present in retail; slot number/meaning must be re-verified,"rtti found, 5 vftable; MT control ok",via-rtti:.?AVC_Player@entitymodule@wh@@,"(code-verified) slot read and called, NOT hooked. Target is EntityModule+0xAE17A0 (WO-44, comment only). Only C_Player's vftable carries it at +0xE48 in this build (C_Human's primary vtable is shorter) so a ghost that is not C_Player would call the wrong slot; research path only. RETAIL CHECK (data-verified, read-only scan of <RETAIL> WHGame.dll): via-rtti:.?AVC_Player@entitymodule@wh@@ present in retail."
D-087,"WO-43, WO-113",EntityModule.dll,export,?m_Instance@C_EntityModule@entitymodule@wh@@,the C_EntityModule singleton slot (data export) every actor lookup starts from,none,main,combat_playanim.cpp:184; respawn_actions.cpp:184,B,export absent on retail; alternative string/RTTI anchor exists,"rtti found, 1 vftable; MT control ok",exp:?m_Instance@C_EntityModule@entitymodule@wh@@|rtti:.?AVC_EntityModule@entitymodule@wh@@,"(code-verified) prefix-matched through find_export over the module's own export table; the same lookup is repeated in combat_construct.cpp:362, combat_write.cpp:194, mannequin_read.cpp:272 (4 copies, 1 dependency). MT-only assumption: a per-module export table that names C++ statics; absent if retail WHGame exports nothing. All callers run on the main thread (run_sync / post_repeating). RETAIL CHECK (data-verified, read-only scan of <RETAIL> WHGame.dll): exp:?m_Instance@C_EntityModule@entitymodule@wh@@ ABSENT in retail exports (WHGame exports 42 names, none C++); rtti:.?AVC_EntityModule@entitymodule@wh@@ present in retail. [also used in 1 other file(s)]"
D-088,"WO-43, WO-113",EntityModule.dll,export,?GetPlayerActor@C_EntityModule@entitymodule@wh@@,the player's C_Actor* (validation route for PlayAnim / combat probes / Mannequin read),none,main,combat_playanim.cpp:193; respawn_actions.cpp:185,C,"export absent on retail; class RTTI present, name-string absent",,exp:?GetPlayerActor@C_EntityModule@entitymodule@wh@@,"(code-verified) called as fn(instance); RVA 0x71B330 per WO-42 s9.5. Same lookup in combat_construct.cpp:369, combat_write.cpp:201, mannequin_read.cpp:279. Without it every 'player' target of the combat/Mannequin probes refuses. MT-only: exported symbol. RETAIL CHECK (data-verified, read-only scan of <RETAIL> WHGame.dll): exp:?GetPlayerActor@C_EntityModule@entitymodule@wh@@ ABSENT in retail exports (WHGame exports 42 names, none C++). [also used in 1 other file(s)]"
D-089,WO-43,EntityModule.dll,export,?GetScriptBindHuman@C_EntityModule@entitymodule@wh@@,the ScriptBindHuman object that FUN_180B3C2D0 needs to resolve an entity id to a C_Actor,none,main,combat_playanim.cpp:204,C,"export absent on retail; class RTTI present, name-string absent",,exp:?GetScriptBindHuman@C_EntityModule@entitymodule@wh@@,"(code-verified) resolved by PREFIX (find_export) and must be unique. Same lookup in combat_construct.cpp:373, combat_write.cpp:207, mannequin_read.cpp:285. Without it every non-player swing / body-state read fails as target-missing (SwingResult 5). MT-only: exported symbol. RETAIL CHECK (data-verified, read-only scan of <RETAIL> WHGame.dll): exp:?GetScriptBindHuman@C_EntityModule@entitymodule@wh@@ ABSENT in retail exports (WHGame exports 42 names, none C++)."
D-090,WO-43,EntityModule.dll,fixed-offset,EntityModule.dll+0xB3C2D0,"FUN_180B3C2D0(scriptBindHuman, entityId) -> C_Actor*: the entity-id to human-actor resolver (human-only predicate inside)",none,main,combat_playanim.cpp:221,C,no retail evidence,,none,"(code-verified) hard-coded RVA, NO prologue check or string anchor at the call site (the swing path's prologue check covers other functions only). Same constant in combat_construct.cpp:69, combat_write.cpp:115, mannequin_read.cpp:147 (4 copies). Retail has no per-module RVA; needs a fresh anchor (reached from the ScriptBindHuman script-binding functions; WO-141 found the actor-system lookup that sits inside it, see resolve_any_actor row)."
D-091,WO-43,EntityModule.dll,struct-field,C_Actor+0x28 (guard object) -> vtbl[0x80]() returns short,the guard predicate the real C_ScriptBindHuman::PlayAnim checks before calling vtbl+0xE48,none,main,combat_playanim.cpp:86,B,"depends on parent ""C_Player::PlayAnim"" which has a retail route",,offset-of:C_Player::PlayAnim,"(code-verified) 2 constants in one diagnostic (actor+0x28 pointer, guard vtable byte offset 0x80); research probe only (kcdmp-playanim.txt), not on the production path."
D-092,WO-44,multi,vtable-slot,IAction vtbl+0x10 (Release; slot 2); vtbl+0xB8 is destroy,drop the extra reference on the constructed action through its own virtual,none,main,combat_construct.cpp:234,B,class vtable present in retail; slot number/meaning must be re-verified,"rtti found, 1 vftable; MT control ok",via-rtti:.?AVC_CombatAnimAction@combatmodule@wh@@,"(code-verified) also combat_write.cpp:181 (vtbl[2]) and the AddRef vtbl[0x08] documented in WO-42. Refcount = object+0x58. RETAIL CHECK (data-verified, read-only scan of <RETAIL> WHGame.dll): via-rtti:.?AVC_CombatAnimAction@combatmodule@wh@@ present in retail."
D-093,WO-44,EntityModule.dll,fixed-offset,EntityModule.dll+0x92260,"C_Actor::GetOrCreateCombatActor(actor): the class-agnostic way to get an I_CombatActor*, creating one when absent",none,main,combat_construct.cpp:70,C,no retail evidence,str absent; MT control ok,via-str:wh::entitymodule::C_Actor::InitCombatActor,"(code-verified) hard-coded RVA, called with no prologue check. It calls C_Actor::InitCombatActor (RVA 0x92310, own __FUNCTION__ string at RVA 0xD43A30, data-verified by WO-42 s9.5 only - not re-read here); the anchor route is 'the function that calls the InitCombatActor function'. Used by the production swing path (ghost_swing). Without it a body with no combat actor yet cannot be swung (body-wrong-state, code 6). RETAIL CHECK (data-verified, read-only scan of <RETAIL> WHGame.dll): via-str:wh::entitymodule::C_Actor::InitCombatActor ABSENT from retail."
D-094,WO-44,EntityModule.dll,fixed-offset,EntityModule.dll+0xE96F78,C_Player::vftable comparand: is this actor a C_Player (so vtbl+0xE48 is PlayAnim),none,main,combat_construct.cpp:71,B,owning function/class exists in retail; layout/offset must be re-derived,"rtti found, 5 vftable; MT control ok",rtti:.?AVC_Player@entitymodule@wh@@,"(code-verified) hard-coded RVA compared against the actor's vptr; logging only (probe_combat_construct), no behaviour depends on it. Retail: use the RTTI vftable instead of the RVA. RETAIL CHECK (data-verified, read-only scan of <RETAIL> WHGame.dll): rtti:.?AVC_Player@entitymodule@wh@@ present in retail."
D-095,WO-44,EntityModule.dll,struct-field,"C_Actor+0x300 (m_pCombatActor, I_CombatActor*)",the actor's combat actor; null until combat begins,none,main,combat_construct.cpp:74,B,"depends on parent ""C_Actor::GetOrCreateCombatActor"" which has no retail anchor; owning class C_Actor, I_CombatActor has RTTI in retail; layout/slot must be re-derived from its methods (inferred)",,offset-of:C_Actor::GetOrCreateCombatActor,"(code-verified) one offset read in combat_construct.cpp, combat_write.cpp:105, mannequin_read.cpp:135 (3 copies). WO-41's claimed +0x278 was wrong on MT; retail layout may differ by the 1.5.5 -> 1.5.6 delta (inferred risk). Without it swings, combat-model reads and combat writes all refuse."
D-096,WO-44,CombatModule.dll,struct-field,"I_CombatActor+0x2D8 (owning C_Actor), +0x2E0 (C_ActionDirector*), +0x2F0 (model / state block), +0x1118-in-block (opponent)","round-trip and state sanity reads logged by the combat-construct probe (+0x2F0 is also the model used by combat_write / mannequin_read, see those rows)",none,main,combat_construct.cpp:75,B,"depends on parent ""C_Actor::GetOrCreateCombatActor"" which has no retail anchor; owning class C_Actor, I_CombatActor, C_ActionDirector has RTTI in retail; layout/slot must be re-derived from its methods (inferred)",,offset-of:C_Actor::GetOrCreateCombatActor,(code-verified) 4 fields read together for logging only; +0x2D8 was live-checked as a round trip to the C_Actor (MATCH).
D-097,WO-44,EntityModule.dll,vtable-slot,"C_Actor vtbl+0x988 (combat-capable predicate, returns char)","GetOrCreateCombatActor's own capability gate, read by the probe for logging",none,main,combat_construct.cpp:82,B,"depends on parent ""C_Actor::GetOrCreateCombatActor"" which has no retail anchor; owning class C_Actor has RTTI in retail; layout/slot must be re-derived from its methods (inferred)",,offset-of:C_Actor::GetOrCreateCombatActor,(code-verified) probe-only; slot index 0x988/8 = 305.
D-098,WO-44,EntityModule.dll,vtable-slot,C_Actor vtbl+0x490 (GetName -> const char*),actor name sanity read in the probe,none,main,combat_construct.cpp:83,B,"depends on parent ""C_Actor::GetOrCreateCombatActor"" which has no retail anchor; owning class C_Actor has RTTI in retail; layout/slot must be re-derived from its methods (inferred)",,offset-of:C_Actor::GetOrCreateCombatActor,(code-verified) probe-only (logging).
D-099,WO-44,EntityModule.dll,vtable-slot,C_Actor vtbl+0x498 (GetActorClass),actor class object whose +0x28 is the animation-DB key used to parse fragment specs,none,main,combat_construct.cpp:84,B,"depends on parent ""C_Actor::GetOrCreateCombatActor"" which has no retail anchor; owning class C_Actor has RTTI in retail; layout/slot must be re-derived from its methods (inferred)",,offset-of:C_Actor::GetOrCreateCombatActor,"(code-verified) production path (ghost_swing animDB chain). Without it fragment parse cannot find the actor's animDB (animdb-chain-broke, code 10)."
D-100,"WO-45, WO-97, WO-113, WO-124, WO-137, WO-140",Shared.dll,export,?GetGameIface@wh@@YAPEBVC_GameInterface@shared@1@XZ,"wh::GetGameIface(): the game interface singleton (animDB chain root, actor system at +0x188)",none,main,combat_construct.cpp:101; concept_read.cpp:39; engine.cpp:14; hangover.cpp:16; punishment.cpp:28; savelist.cpp:13; wo137.cpp:937; wo140.cpp:30,C,"export absent on retail; class RTTI absent, name-string absent [inconclusive: the recorded anchor also fails on the Modding Tools control]",rtti absent; MT control anchor not found in any MT module,exp:?GetGameIface@wh@@YAPEBVC_GameInterface@shared@1@XZ|rtti:.?AVC_GameInterface@shared@wh@@,"(code-verified) full mangled name, tried on Shared.dll then a sweep of EnumProcessModules; the sweep is the only part that could survive a monolith IF retail exports it (inferred - not checked here). engine.cpp has its own GetGameIface lookup (g_getGameIface) used by game_iface(). MT-only: Shared.dll module. RETAIL CHECK (data-verified, read-only scan of <RETAIL> WHGame.dll): exp:?GetGameIface@wh@@YAPEBVC_GameInterface@shared@1@XZ ABSENT in retail exports (WHGame exports 42 names, none C++); rtti:.?AVC_GameInterface@shared@wh@@ ABSENT from retail. [also used in 7 other file(s)]"
D-101,WO-45,AnimationModule.dll,struct-field,"ParseFragmentOut: +0x00 CryString, +0x08 int fragmentID(-1 unknown), +0x0C tagsA[20], +0x20 tagsB[20], +0x38 CryString",the out-struct the parser fills; tagsB (+0x20) feeds the action ctor,none,main,combat_construct.cpp:113,C,"depends on parent ""ParseFragmentSpec"" which has no retail anchor",,offset-of:ParseFragmentSpec,"(code-verified) layout read off the decompile of 0x12DB00 and its caller; static_assert'd offsets (4 fields used, 5 total). TagState = 20 bytes."
D-102,WO-45,CrySystem.dll,struct-field,"CryString header {int32 refcount, int32 length, int32 capacity} at data-0xC; negative refcount = static",a hand-built static CryString so the parser's refcounted assignment finds a valid header,none,main,combat_construct.cpp:134,C,no retail evidence,,none,"(code-verified) the engine's string layout (3 x int32 before the chars; negative refcount never freed). Shared by the engine's string class, so a retail port must re-check it (inferred: same CryEngine 5.x string class)."
D-103,WO-45,EntityModule.dll,struct-field,actorClass+0x28 (animation-DB key),key passed to the animation-DB loader in the animDB chain,none,main,combat_construct.cpp:495,B,"parent ""C_Actor::GetActorClass"" unresolved; owning class C_Actor has RTTI in retail; layout/slot must be re-derived from its methods (inferred)",,offset-of:C_Actor::GetActorClass,(code-verified) read as a raw pointer; copied from C_PlayAnim::Execute's own chain (WO-45 s3). Live-verified on MT.
D-104,WO-45,multi,struct-field,GameIface+0x08 -> sys,first hop of the animDB chain: sys = *(gi+0x08),none,main,combat_construct.cpp:500,C,"depends on parent ""GetGameIface"" which has no retail anchor",,offset-of:GetGameIface,(code-verified) copied from C_PlayAnim::Execute (AnimationModule 0x12EF20) as WO-45 decompiled it.
D-105,WO-45,multi,vtable-slot,sys vtbl+0xB0 -> a; a vtbl+0x18 -> b; b vtbl+0x20(key) -> animDB,the three virtual calls that turn the class key into the actor's animation database,none,main,combat_construct.cpp:505,C,"depends on parent ""GetGameIface"" which has no retail anchor",,offset-of:GetGameIface,"(code-verified) 3 chained slots, each SEH-guarded; copied from C_PlayAnim::Execute. Any shift in these interface vtables breaks swings with animdb-chain-broke (code 10)."
D-106,WO-45,CombatModule.dll,struct-field,C_CombatAnimAction sizeof 0x1A8; +0x28 status; +0x58 refcount,"allocation size, the QueueAction status gate (needs 0 or 4) and the AddRef/Release counter",none,main,combat_construct.cpp:556,B,owning function/class exists in retail; layout/offset must be re-derived,"rtti found, 1 vftable; MT control ok",via-rtti:.?AVC_CombatAnimAction@combatmodule@wh@@,"(code-verified) 3 constants: size 0x1A8, status +0x28 (read), refcount +0x58 (InterlockedIncrement twice, read). Wrong size = heap corruption, so a retail port must re-derive from the ctor's allocation sites. RETAIL CHECK (data-verified, read-only scan of <RETAIL> WHGame.dll): via-rtti:.?AVC_CombatAnimAction@combatmodule@wh@@ present in retail."
D-107,WO-45,CombatModule.dll,struct-field,I_CombatActor+0x490 (C_CombatAnimActionManager*),the queue target handed to C_CombatAnimActionManager::QueueAction for every native ghost swing,none,main,combat_construct.cpp:79,B,"depends on parent ""C_CombatAnimActionManager::QueueAction"" which has no retail anchor; owning class I_CombatActor has RTTI in retail; layout/slot must be re-derived from its methods (inferred)",,offset-of:C_CombatAnimActionManager::QueueAction,(code-verified) read on the production path (ghost_swing); null = manager-missing (code 7). Live-verified on MT in WO-45 (first native swings). Retail offset unknown.
D-108,WO-45,AnimationModule.dll,fixed-offset,AnimationModule.dll+0x12DB00,"ParseFragmentSpec(animDB, ""FragmentId, tag1+tag2"", out): the engine's own parser for a fragment spec",none,main,combat_construct.cpp:89,C,no retail evidence,pattern matches 200,pat:48 89 5C 24 20 55 56 57 41 54 41 55,"(code-verified) RVA plus 12-byte prologue check (kPrologueParse at combat_construct.cpp:96), fail closed -> build-mismatch (code 3). The prologue is a generic MSVC prologue (WO-42 s7 note 2 says so itself), so a retail PGO build will differ; probable anchor is the caller C_PlayAnim::Execute (0x12EF20) - no string recorded. RETAIL CHECK (data-verified, read-only scan of <RETAIL> WHGame.dll): pat:48 89 5C 24 20 55 56 57 41 54 41 55 retail matches=>=200, MT AnimationModule.dll matches=10."
D-109,WO-45,CombatModule.dll,fixed-offset,CombatModule.dll+0xF26F0,"C_CombatAnimAction constructor (sizeof 0x1A8): mem, mem, combatActor, priority=5, fragmentID, tags20, flags=0",none,main,combat_construct.cpp:92,C,no retail evidence,pattern matches 200,pat:48 89 5C 24 08 48 89 6C 24 10 48 89,"(code-verified) RVA + 12-byte prologue check (combat_construct.cpp:97), fail closed. WO-42 anchors it by the vftable write (C_CombatAnimAction::vftable, RTTI), which is the retail-portable anchor: the one function that stores that vftable into a 0x1A8 object. RETAIL CHECK (data-verified, read-only scan of <RETAIL> WHGame.dll): pat:48 89 5C 24 08 48 89 6C 24 10 48 89 retail matches=>=200, MT CombatModule.dll matches=>=200."
D-110,WO-45,CombatModule.dll,fixed-offset,CombatModule.dll+0xF3C00,"C_CombatAnimActionManager::QueueAction(manager, smartPtr&, float time=-1.0f in XMM2): queues the action on the actor's own manager",none,main,combat_construct.cpp:93,C,no retail evidence,str absent; pattern matches 0; MT control ok,via-str:wh::combatmodule::C_CombatAnimActionManager::QueueAction|pat:4C 8B DC 41 56 48 81 EC F0 00 00 00,"(code-verified) RVA + prologue check (kPrologueQueue, combat_construct.cpp:98), CALLED not hooked. WO-42 s4.1 anchors it by its own __FUNCTION__ string at CombatModule RVA 0x5CB3D0 and the format string 'Combat %s.QueueAnimAction[%d](%s) -> %s [GlobalTags=%s]' (exact __FUNCTION__ text to be confirmed by the string probe). This is NOT the AnimationModule C_AnimationController::QueueAction (0x20410) that WO-42 s2 identified. RETAIL CHECK (data-verified, read-only scan of <RETAIL> WHGame.dll): via-str:wh::combatmodule::C_CombatAnimActionManager::QueueAction ABSENT from retail; pat:4C 8B DC 41 56 48 81 EC F0 00 00 00 retail matches=0, MT CombatModule.dll matches=1."
D-111,WO-45,CombatModule.dll,global,CombatModule.dll+0x80F930 (module allocator function-pointer global),"allocator fn(size, &actual, zero) used to allocate the 0x1A8-byte action with the game's own allocator",none,main,combat_construct.cpp:94,C,no retail evidence,,none,(code-verified) read as a pointer-sized data global from the module image (.data); null/unreadable -> allocator-missing (code 8). A per-module allocator global does not exist in a monolith as such; retail needs the allocator the C_CombatAnimAction ctor's callers use (inferred).
D-112,WO-68,XGenAIModule.dll,string-anchor,UnconsciousHolsterInsteadDropWeapons,control context the player must already have (proves manager + WUID offset),none,main,script_context.cpp:146,D,"data-carried name: absent from the retail binary as a literal but present in game data (Scripts.pak:Quests/Final/Barbora/klaster/klaster_hibernate_mode/artefakt/hledani_hrobu.xml), which is identical in both builds",str absent; MT control anchor not found in any MT module,str:UnconsciousHolsterInsteadDropWeapons,IPL_GameData.pak Libs/Storm/contexts/contexts.xml rule; probe only. (data-verified) string not in retail exe (pak data).
D-113,WO-68,RPGModule.dll,string-anchor,C_ScriptBindSoul::HasScriptContext (RPGModule 0x5EEEC0) and ScriptCallbackTests (WHGame 0x71C90) - RVAs only in comments,origin of the chain; not used at runtime,none,main,script_context.cpp:16,C,anchor string absent in retail,,none,Documentation constants in comments (code-verified comment).
D-114,WO-68,WHGame.dll,struct-field,C_GameInterface+0x168 -> holder whose vtable[0x138]() returns the ScriptContext database,ScriptContext DB pointer,none,main,script_context.cpp:19,C,"depends on parent ""wh::GetGameIface"" which has no retail anchor",,offset-of:wh::GetGameIface,Validated only by DB lookups returning nodes with matching name/class.
D-115,WO-68,WHGame.dll,struct-field,"C_GameInterface+0x18 -> holder whose vtable[0x118]() gives owner, owner vtable[0x38]() gives C_ScriptContextManager",script-context manager pointer,none,main,script_context.cpp:20,B,"depends on parent ""wh::GetGameIface"" which has no retail anchor; owning class C_ScriptContextManager has RTTI in retail; layout/slot must be re-derived from its methods (inferred)",,offset-of:wh::GetGameIface,Chain of 2 offsets + 2 slots (next 2 rows).
D-116,WO-68,WHGame.dll,vtable-slot,holder(gi+0x168) vtable +0x138 (GetScriptContextDb),get DB,none,main,script_context.cpp:22,B,class vtable present in retail; slot number/meaning must be re-verified,"rtti found, 1 vftable; MT control ok",via-rtti:.?AVC_ScriptContextDatabase@xgenaimodule@wh@@,Slot index read from C_ScriptBindSoul::HasScriptContext decompile (WHGame/RPGModule 1.5.5).
D-117,WO-68,WHGame.dll,vtable-slot,ScriptContextDatabase vtable +0xC8 (FindByName(const CryString&) -> node*),context name -> S_ScriptContextDatabaseNode*,none,main,script_context.cpp:23,C,"exact literal absent, substring present (inconclusive) [inconclusive: the recorded anchor also fails on the Modding Tools control]",str absent; MT control anchor not found in any MT module,via-str:ScriptContextDatabaseNode,CryString arg = address of one char* (static-refcount fake).
D-118,WO-68,WHGame.dll,vtable-slot,holder(gi+0x18) vtable +0x118 (GetManagerOwner),chain step,none,main,script_context.cpp:24,B,class vtable present in retail; slot number/meaning must be re-verified,"rtti found, 1 vftable; MT control ok",via-rtti:.?AVC_ScriptContextManager@game@wh@@,Unvalidated slot; result checked indirectly by manager vptr.
D-119,WO-68,WHGame.dll,vtable-slot,owner vtable +0x38 (GetManager),chain step -> C_ScriptContextManager*,none,main,script_context.cpp:25,B,class vtable present in retail; slot number/meaning must be re-verified,"rtti found, 1 vftable; MT control ok",via-rtti:.?AVC_ScriptContextManager@game@wh@@,Result validated by vptr == WHGame+0x32AAD0.
D-120,WO-68,WHGame.dll,vtable-slot,"C_ScriptContextManager vtable +0x10 (slot[2] SetEntityContext(bool value, WUID, node*)): RCX=this DL=value R8=wuid R9=node",write one entity context,none,main,script_context.cpp:26,B,class vtable present in retail; slot number/meaning must be re-verified,"rtti found, 1 vftable; MT control ok",via-rtti:.?AVC_ScriptContextManager@game@wh@@,"Arg/reg order from shipped test WHGame 0x71C90. No lock, only re-entrancy busy flag; main thread only."
D-121,WO-68,WHGame.dll,vtable-slot,"C_ScriptContextManager vtable +0x38 (slot[7] HasEntityContext(WUID,node*)->bool)",read one entity context,none,main,script_context.cpp:27,B,class vtable present in retail; slot number/meaning must be re-verified,"rtti found, 1 vftable; MT control ok",via-rtti:.?AVC_ScriptContextManager@game@wh@@,Same Lua store as soul:HasScriptContext.
D-122,WO-68,WHGame.dll,struct-field,"CryStringT<char> argument = one pointer to char data; header {int32 ref,len,cap} at data-0xC; negative refcount = static (engine skips assign/release)",hand-built static CryString for the DB name lookup,none,main,script_context.cpp:296,C,no retail evidence,,none,CryEngine string ABI (same on retail if CryString unchanged); mirrored from combat_construct FakeCryStr.
D-123,WO-68,WHGame.dll,fixed-offset,WHGame+0x32AAD0 (C_ScriptContextManager::vftable),integrity check: manager vptr must equal this or the feature disarms for the process,none,main,script_context.cpp:33,B,owning function/class exists in retail; layout/offset must be re-derived [inconclusive: the recorded anchor also fails on the Modding Tools control],"rtti absent; rtti found, 1 vftable; MT control anchor not found in any MT module",rtti:.?AVC_ScriptContextManager@wh@@|via-rtti:.?AVC_ScriptContextManager@game@wh@@,"MT-1.5.5 RVA. (data-verified) retail has the vftable (RTTI .?AVC_ScriptContextManager@game@wh@@, one COL) at WHGame RVA 0x408E490, not 0x32AAD0 => vptr check fails => permanent disarm of all crime isolation, gait and relation contexts. Replace with find_vftable."
D-124,WO-68,WHGame.dll,fixed-offset,WHGame+0x6BE80 (SetEntityContext) and WHGame+0x6C4A0 (HasEntityContext) must equal vtable slots [2]/[7],integrity: slot target address check,none,main,script_context.cpp:34,C,no retail evidence,,none,"2 MT-only RVAs; mismatch => permanent disarm. (data-verified) retail slot[2] is WHGame+0x6B6C24 and slot[7] is WHGame+0x710A64, so the slot numbers held but the addresses moved."
D-125,WO-68,WHGame.dll,prologue-bytes,SetEntityContext 48 89 5C 24 10 55 56 57 48 81 EC 90 ; HasEntityContext 48 89 5C 24 08 48 89 74 24 18 48 89,integrity: first 12 bytes of both functions,none,main,script_context.cpp:47,C,pattern has 0 matches in retail,pattern matches 1/200,pat:48 89 5C 24 10 55 56 57 48 81 EC 90|pat:48 89 5C 24 08 48 89 74 24 18 48 89,"(data-verified) retail slot[2] starts 40 55 48 8D 6C 24 A9 48 81 EC 90 and slot[7] starts 48 8B C4 48 89 58 18 48 89 50 10 - both differ from the MT bytes, so the prologue gate rejects retail even with the right vtable."
D-126,WO-68,WHGame.dll,struct-field,"S_ScriptContextDatabaseNode: +0x00 const char* Name, +0x08 int Class (Game 0, Entity 1, Relation 2)",validate a looked-up node (name match + class),none,main,script_context.cpp:53,D,"data-carried name: absent from the retail binary as a literal but present in game data (Scripts.pak:Quests/Testing/tv/d_definitions.xml), which is identical in both builds",str absent; MT control anchor not found in any MT module,str:ScriptContextDatabaseNode,"2 fields, both verified at runtime per lookup; Class enum values copied from engine (E_ContextClass)."
D-127,WO-68,RPGModule.dll,struct-field,C_Soul+0x40 = WUID (uint64) used as the entity key for script contexts,entity key for Has/SetEntityContext,none,main,script_context.cpp:59,B,"parent ""wh::rpgmodule::C_ScriptBindSoul::HasScriptContext"" unresolved; owning class C_ScriptBindSoul, C_Soul has RTTI in retail; layout/slot must be re-derived from its methods (inferred)",,offset-of:wh::rpgmodule::C_ScriptBindSoul::HasScriptContext,Validated by the control context 'UnconsciousHolsterInsteadDropWeapons' reading true on the player; zero WUID refused.
D-128,WO-68,Shared.dll,export,"?GetGameIface@wh@@YAPEBVC_GameInterface@shared@1@XZ (Shared.dll first, then GetProcAddress over EnumProcessModules of every module)",gi = wh::GetGameIface(),none,main,script_context.cpp:61,C,"export absent on retail; class RTTI absent, name-string absent",,exp:?GetGameIface@wh@@YAPEBVC_GameInterface@shared@1@XZ,Retail: not exported; needs another anchor to the C_GameInterface singleton.
D-129,WO-68,XGenAIModule.dll,string-anchor,switch_disabledInformationReaction,script-context database row (Class=Entity) applied for ghost civic isolation,none,main,script_context.cpp:99,D,"data-carried name: absent from the retail binary as a literal but present in game data (Scripts.pak:AI/npc/basic/switch/switch.xml), which is identical in both builds",str absent; MT control anchor not found in any MT module,str:switch_disabledInformationReaction,"Row in Tables.pak :: Libs/Tables/ai/ScriptContext.xml (game data); node must resolve with name match and class 1. (data-verified) name string is NOT in the retail WHGame.dll image - it lives in pak data, so str: probe must run on the pak, not the exe."
D-130,WO-68,XGenAIModule.dll,string-anchor,switch_disabledHearingReaction,script-context database row (Class=Entity) applied for ghost civic isolation,none,main,script_context.cpp:99,D,"data-carried name: absent from the retail binary as a literal but present in game data (Scripts.pak:AI/animal/basic/switch/interrupt_animal_check.xml), which is identical in both builds",str absent; MT control anchor not found in any MT module,str:switch_disabledHearingReaction,"Row in Tables.pak :: Libs/Tables/ai/ScriptContext.xml (game data); node must resolve with name match and class 1. (data-verified) name string is NOT in the retail WHGame.dll image - it lives in pak data, so str: probe must run on the pak, not the exe."
D-131,WO-68,XGenAIModule.dll,string-anchor,switch_disabledPerceptionReaction,script-context database row (Class=Entity) applied for ghost civic isolation,none,main,script_context.cpp:99,D,"data-carried name: absent from the retail binary as a literal but present in game data (Scripts.pak:AI/animal/basic/switch/switch.xml), which is identical in both builds",str absent; MT control anchor not found in any MT module,str:switch_disabledPerceptionReaction,"Row in Tables.pak :: Libs/Tables/ai/ScriptContext.xml (game data); node must resolve with name match and class 1. (data-verified) name string is NOT in the retail WHGame.dll image - it lives in pak data, so str: probe must run on the pak, not the exe."
D-132,WO-68,XGenAIModule.dll,string-anchor,switch_disabledPickpocketReaction,script-context database row (Class=Entity) applied for ghost civic isolation,none,main,script_context.cpp:99,D,"data-carried name: absent from the retail binary as a literal but present in game data (Scripts.pak:AI/npc/basic/switch/switch.xml), which is identical in both builds",str absent; MT control anchor not found in any MT module,str:switch_disabledPickpocketReaction,"Row in Tables.pak :: Libs/Tables/ai/ScriptContext.xml (game data); node must resolve with name match and class 1. (data-verified) name string is NOT in the retail WHGame.dll image - it lives in pak data, so str: probe must run on the pak, not the exe."
D-133,WO-68,XGenAIModule.dll,string-anchor,switch_disabledNearMissReaction,script-context database row (Class=Entity) applied for ghost civic isolation,none,main,script_context.cpp:99,D,"data-carried name: absent from the retail binary as a literal but present in game data (Scripts.pak:AI/npc/basic/switch/switch.xml), which is identical in both builds",str absent; MT control anchor not found in any MT module,str:switch_disabledNearMissReaction,"Row in Tables.pak :: Libs/Tables/ai/ScriptContext.xml (game data); node must resolve with name match and class 1. (data-verified) name string is NOT in the retail WHGame.dll image - it lives in pak data, so str: probe must run on the pak, not the exe."
D-134,WO-68,XGenAIModule.dll,string-anchor,switch_disabledHitBehavioralReaction,script-context database row (Class=Entity) applied for ghost civic isolation,none,main,script_context.cpp:99,D,"data-carried name: absent from the retail binary as a literal but present in game data (Scripts.pak:AI/npc/basic/switch/handleArrowFlyby.xml), which is identical in both builds",str absent; MT control anchor not found in any MT module,str:switch_disabledHitBehavioralReaction,"Row in Tables.pak :: Libs/Tables/ai/ScriptContext.xml (game data); node must resolve with name match and class 1. (data-verified) name string is NOT in the retail WHGame.dll image - it lives in pak data, so str: probe must run on the pak, not the exe."
D-135,WO-68,XGenAIModule.dll,string-anchor,crime_disableReport,script-context database row (Class=Entity) applied for ghost civic isolation,none,main,script_context.cpp:99,D,"data-carried name: absent from the retail binary as a literal but present in game data (Scripts.pak:AI/crime/chooseReportDestination.xml), which is identical in both builds",str absent; MT control anchor not found in any MT module,str:crime_disableReport,"Row in Tables.pak :: Libs/Tables/ai/ScriptContext.xml (game data); node must resolve with name match and class 1. (data-verified) name string is NOT in the retail WHGame.dll image - it lives in pak data, so str: probe must run on the pak, not the exe."
D-136,WO-68,XGenAIModule.dll,string-anchor,crime_ignoredNPCHitVolume,script-context database row (Class=Entity) applied for ghost civic isolation,none,main,script_context.cpp:99,D,"data-carried name: absent from the retail binary as a literal but present in game data (Scripts.pak:AI/npc/basic/switch/handleAwareness_hitVolume.xml), which is identical in both builds",str absent; MT control anchor not found in any MT module,str:crime_ignoredNPCHitVolume,"Row in Tables.pak :: Libs/Tables/ai/ScriptContext.xml (game data); node must resolve with name match and class 1. (data-verified) name string is NOT in the retail WHGame.dll image - it lives in pak data, so str: probe must run on the pak, not the exe."
D-137,WO-68,XGenAIModule.dll,string-anchor,crime_ignoredUnconsciousBody,script-context database row (Class=Entity) applied for ghost civic isolation,none,main,script_context.cpp:99,D,"data-carried name: absent from the retail binary as a literal but present in game data (Scripts.pak:AI/npc/basic/switch/handleAwareness_bodyCarrier.xml), which is identical in both builds",str absent; MT control anchor not found in any MT module,str:crime_ignoredUnconsciousBody,"Row in Tables.pak :: Libs/Tables/ai/ScriptContext.xml (game data); node must resolve with name match and class 1. (data-verified) name string is NOT in the retail WHGame.dll image - it lives in pak data, so str: probe must run on the pak, not the exe."
D-138,WO-68,XGenAIModule.dll,string-anchor,crime_ignoredCorpse,script-context database row (Class=Entity) applied for ghost civic isolation,none,main,script_context.cpp:99,D,"data-carried name: absent from the retail binary as a literal but present in game data (Scripts.pak:AI/npc/basic/switch/handleAwareness_animal_corpse.xml), which is identical in both builds",str absent; MT control anchor not found in any MT module,str:crime_ignoredCorpse,"Row in Tables.pak :: Libs/Tables/ai/ScriptContext.xml (game data); node must resolve with name match and class 1. (data-verified) name string is NOT in the retail WHGame.dll image - it lives in pak data, so str: probe must run on the pak, not the exe."
D-139,WO-68,XGenAIModule.dll,string-anchor,crime_ignoredPickpocket,script-context database row (Class=Entity) applied for ghost civic isolation,none,main,script_context.cpp:99,D,"data-carried name: absent from the retail binary as a literal but present in game data (Scripts.pak:AI/npc/basic/switch/handleAwareness_pickpocket.xml), which is identical in both builds",str absent; MT control anchor not found in any MT module,str:crime_ignoredPickpocket,"Row in Tables.pak :: Libs/Tables/ai/ScriptContext.xml (game data); node must resolve with name match and class 1. (data-verified) name string is NOT in the retail WHGame.dll image - it lives in pak data, so str: probe must run on the pak, not the exe."
D-140,WO-97,CrySystem.dll,struct-field,"CryStringT<char> {int32 refCount,len,cap} at data-12; refCount<0 => engine swaps in """" (NO deep-copy); large positive sentinel 0x40000000 => engine reads our bytes and never frees; char[480] storage",pass a path / port name string into FindNode/GetPort that the engine may AddRef/Release,none,main,concept_read.cpp:137,C,no retail evidence,,none,"Engine string ABI (CryStringT, 12-byte header). Shared with punishment.cpp/respawn_actions.cpp (3 private copies of the struct in our code). WO-97 trap: negative refcount looks like a tree miss. (code-verified: read in our source)"
D-141,WO-97,ConceptModule.dll,fixed-offset,ConceptModule+0x16530,"C_ConceptManager::FindNode(path) -> _smart_ptr<C_Node>; RVA taken from MT 1.5.5 ConceptModule.dll (sha256 ab4032ac..., SizeOfImage 0x5FE000) and used by concept_read.cpp only (punishment.cpp uses the export instead)",none,main,concept_read.cpp:27,C,no retail evidence,,exp:?FindNode@C_ConceptManager@conceptmodule@wh@@,"Hard RVA: dies with any rebuild. Retail has no ConceptModule.dll at all; port needs FindNode found by prologue/xref inside the monolith. ABI: RCX=this, RDX=hidden return _smart_ptr<C_Node>*, R8=const CryStringT<char>& (pointer to the char*). Retail image probe (data-verified): exp: retail WHGame.dll has only 42 exports, none of ours, so the export route is absent. (code-verified: read in our source)"
D-142,WO-97,ConceptModule.dll,prologue-bytes,48 89 5C 24 10 48 89 6C 24 18 48 89 74 24 20 57 (FindNode prologue),gate before calling FindNode by RVA,none,main,concept_read.cpp:29,B,pattern has [200] matches (PGO duplicates); needs a second anchor,pattern matches 200,pat:48 89 5C 24 10 48 89 6C 24 18 48 89 74 24 20 57,"16-byte prologue; generic MSVC save-rbx/rbp/rsi/push-rdi, will match MANY functions in a 89 MB monolith so it is NOT a usable retail anchor alone. Retail image probe (data-verified): pat present (200+ hit(s) in retail .text). (code-verified: read in our source)"
D-143,WO-97,CrySystem.dll,struct-field,"rttr::variant layout {policy*, data[16]}; bool policy identified by export name",decode a port Read() result by the variant policy pointer,none,main,concept_read.cpp:361,C,"depends on parent ""rttr::variant"" which has no retail anchor",,offset-of:rttr::variant,Layout lives in rttr_abi.h (other agent); here the policy pointer is resolved back to an exported symbol name in CrySystem.dll. (code-verified: read in our source)
D-144,WO-97,Shared.dll,struct-field,C_GameInterface+0x128 -> C_ConceptModule*; C_ConceptModule+0x18 -> C_ConceptManager* (== GetConceptManager),reach the concept manager,none,main,concept_read.cpp:42,B,"depends on parent ""GetGameIface"" which has no retail anchor; owning class C_ConceptModule, C_ConceptManager has RTTI in retail; layout/slot must be re-derived from its methods (inferred)",,offset-of:GetGameIface,"2 fields, punishment.cpp re-validates both with RTTI vftable compare (manager() at punishment.cpp:106). (code-verified: read in our source)"
D-145,WO-97,ConceptModule.dll,struct-field,C_ConceptManager+0x48/+0x50 root module vector<C_ModuleBase*> begin/end; module+0x10 = char* module name (root segment matched by strcmp); sanity cap 512,enumerate root concept modules (first path segment must match one),none,main,concept_read.cpp:44,B,"depends on parent ""?FindNode@C_ConceptManager@conceptmodule@wh@@"" which has no retail anchor; owning class C_ConceptManager, C_ModuleBase has RTTI in retail; layout/slot must be re-derived from its methods (inferred)",,offset-of:?FindNode@C_ConceptManager@conceptmodule@wh@@,"3 offsets, pure pointer reads; used only by probe() logging. (code-verified: read in our source)"
D-146,"WO-99.5, WO-113, WO-137",ConceptModule.dll,export,?GetPort@C_Node@conceptmodule@wh@@,"C_Node::GetPort(name) -> _smart_ptr<I_Port> (non-virtual, QEBA; export = implementation)",none,main,concept_read.cpp:340; punishment.cpp:24; wo137.cpp:944,C,"export absent on retail; class RTTI present, name-string absent",,exp:?GetPort@C_Node@conceptmodule@wh@@,"Same ABI as FindNode (RCX this, RDX return buffer, R8 string). Retail image probe (data-verified): exp: retail WHGame.dll has only 42 exports, none of ours, so the export route is absent. (code-verified: read in our source) [also used in 2 other file(s)]"
D-147,"WO-99.5, WO-113, WO-137",ConceptModule.dll,export,?GetDirection@I_Port@conceptmodule@wh@@,"I_Port::GetDirection(): In=1, Out=2",none,main,concept_read.cpp:341; punishment.cpp:25; wo137.cpp:948,C,"export absent on retail; class RTTI present, name-string absent",,exp:?GetDirection@I_Port@conceptmodule@wh@@,"Also enum values In=1 Out=2 copied into code (CanTrigger refuses Out). Retail image probe (data-verified): exp: retail WHGame.dll has only 42 exports, none of ours, so the export route is absent. (code-verified: read in our source) [also used in 2 other file(s)]"
D-148,WO-99.5,ConceptModule.dll,export,?Trigger@I_Port@conceptmodule@wh@@,"EMPTY base virtual I_Port::Trigger, comparand only (never called)",none,main,concept_read.cpp:344,B,"route via RTTR registration: class RTTI + method-name string ""Trigger"" (inferred)",,exp:?Trigger@I_Port@conceptmodule@wh@@,"Used to detect ""slot 15 is the empty base"" (an unfalsifiable fire). Retail image probe (data-verified): exp: retail WHGame.dll has only 42 exports, none of ours, so the export route is absent. (code-verified: read in our source)"
D-149,WO-99.5,ConceptModule.dll,export,?Read@I_Port@conceptmodule@wh@@,"EMPTY base virtual I_Port::Read, comparand only (never called)",none,main,concept_read.cpp:345,B,"route via RTTR registration: class RTTI + method-name string ""Read"" (inferred)",,exp:?Read@I_Port@conceptmodule@wh@@,"Trap: calling it succeeds and returns an empty variant. Retail image probe (data-verified): exp: retail WHGame.dll has only 42 exports, none of ours, so the export route is absent. (code-verified: read in our source)"
D-150,WO-99.5,ConceptModule.dll,vtable-slot,"I_Port vtbl[9] GetName, [10] IsEmpty, [15] Trigger (C_ActiveTriggerPort::Trigger is real), [16] Read (C_PortRef::Read / concrete), dump first 20 slots",classify a port and call its real Trigger/Read,none,main,concept_read.cpp:348,B,"depends on parent ""?Trigger@I_Port@conceptmodule@wh@@"" which has a retail route",,offset-of:?Trigger@I_Port@conceptmodule@wh@@,5 slot indices; WO-97 s3.5 found only C_ActiveTriggerPort and C_DebuggerPort implement slot 15; C_TriggerPort/C_EdgePort/C_DataPort inherit the empty base. (code-verified: read in our source)
D-151,WO-99.5,ConceptModule.dll,fixed-offset,ConceptModule+0x3F3130 (C_ActiveTriggerPort vftable) and ConceptModule+0xC78E0 (C_ActiveTriggerPort::Trigger),the vptr and slot-15 comparands that authorise a fire,none,main,concept_read.cpp:355,B,owning function/class exists in retail; layout/offset must be re-derived,"rtti found, 1 vftable; MT control ok",rtti:.?AVC_ActiveTriggerPort@conceptmodule@wh@@,"2 hard RVAs from Ghidra (WO-97 s3.5) with a self-check (vftable+0x78 == Trigger). Retail: use RTTI vftable of C_ActiveTriggerPort instead; the RTTI name is our inference (quoted in comments as C_ActiveTriggerPort), not read here. Retail image probe (data-verified): rtti present. (code-verified: read in our source)"
D-152,WO-99.5,data/other,data,"kcdmp-concept.txt: ""<probe|read|trigger> <node.path> <portName> [FIRE]""","opt-in research file, re-read every tick via post_repeating(port_watch)",none,main,concept_read.cpp:415,D,"data/working-directory dependency, not an engine binary anchor",,none,Dev-only; the trigger verb is refused while a session is live (WO-133 port_gate). Not an engine dependency. (code-verified: read in our source)
D-153,WO-99.5,XGenAIModule.dll,string-anchor,DisableSituationParticipation,script-context database row (Class=Entity) applied for ghost civic isolation,none,main,script_context.cpp:99,D,"data-carried name: absent from the retail binary as a literal but present in game data (Scripts.pak:AI/closedCastle/switch_closedCastle.xml), which is identical in both builds",str absent; MT control anchor not found in any MT module,str:DisableSituationParticipation,"Row in Tables.pak :: Libs/Tables/ai/ScriptContext.xml (game data); node must resolve with name match and class 1. (data-verified) name string is NOT in the retail WHGame.dll image - it lives in pak data, so str: probe must run on the pak, not the exe."
D-154,WO-100,multi,struct-field,"Mannequin Stance group value 'horse' = riding (mannequin::kStanceHorse, read in mannequin_read.cpp)",riding flag in LocalState,none,main,local_state.cpp:156,C,no retail evidence,,none,Value defined in mannequin_read (another census file); listed so the local_state dependency is not lost.
D-155,WO-100,multi,struct-field,"CTagDefinition +0x08 tag array (count at [-4], stride 0x20, +0x04 groupID int, +0x18 name ptr), +0x18 per-tag (byte,mask) pairs stride 2, +0x20 per-group (byte,mask) pairs stride 2",decoding the tag bit-state into tag names; the membership test is copied from CTagDefinition::FlagsToTagList (AnimationModule 0x2AA30),none,main,mannequin_read.cpp:103,C,no retail evidence,,none,"(code-verified) 7 constants (+0x08, +0x18, +0x20, stride 0x20, +0x04, +0x18 name, pair stride 2) plus sanity bounds 4096 tags / 512 groups. The layout lives in live data so a tag-XML change is followed, but the struct offsets themselves are engine constants."
D-156,WO-100,EntityModule.dll,struct-field,C_Actor+0x7E8 -> AI animation component; component+0x18 float pseudo-speed,"animation-side speed scalar (C_Actor::GetPseudoSpeed body, EntityModule 0x97970); NPC bodies only - C_Player overrides it and reads -1.0",none,main,mannequin_read.cpp:110,B,owning class C_Actor has RTTI in retail; layout/slot must be re-derived from its methods (inferred) [inconclusive: the recorded anchor also fails on the Modding Tools control],str absent; MT control anchor not found in any MT module,via-str:Getting pseudospeed from actor without an AI Animation component,"(code-verified) 2 fields. The trace string at the null path of GetPseudoSpeed (quoted in the source comment) is the string anchor. Read as a raw field, so a retail override would be bypassed (stated in the source). RETAIL CHECK (data-verified, read-only scan of <RETAIL> WHGame.dll): via-str:Getting pseudospeed from actor without an AI Animation component ABSENT from retail."
D-157,WO-100,CombatModule.dll,string-anchor,shipped assertion text: m_ZoneId == DATA_INVALID_ID || combatActor->GetModel().RequestedAtkZoneId.Get() == m_ZoneId (CombatModule 0x49FAF0),how the model offset (*(combatActor+0x2F0)+0x200) was first identified,none,main,mannequin_read.cpp:119,C,anchor string absent in retail [inconclusive: the recorded anchor also fails on the Modding Tools control],str absent; MT control anchor not found in any MT module,str:m_ZoneId == DATA_INVALID_ID || combatActor->GetModel().RequestedAtkZoneId.Get() == m_ZoneId,"(inferred) documentation-level anchor quoted in a comment, not used by code; listed because it is the best string a retail port can look for to re-find the model offset (assert strings may be stripped in retail). RETAIL CHECK (data-verified, read-only scan of <RETAIL> WHGame.dll): str:m_ZoneId == DATA_INVALID_ID || combatActor->GetModel().RequestedAtkZon ABSENT from retail."
D-158,WO-100,CryAction.dll,fixed-offset,CryAction.dll+0x483D98,CActionController::vftable comparand: the gate that refuses the read on any other controller class,none,main,mannequin_read.cpp:143,B,owning function/class exists in retail; layout/offset must be re-derived,"rtti found, 1 vftable; MT control ok",rtti:.?AVCActionController@@,"(code-verified) hard-coded RVA compared to the controller's vptr on EVERY body-state read (read_body_state gate 3) and in sample(). MT-only assumption: CryAction.dll is its own module (GetModuleHandleA(""CryAction.dll""); both paths refuse when it is not loaded, so on retail the whole Mannequin read returns false unless re-anchored by RTTI). RETAIL CHECK (data-verified, read-only scan of <RETAIL> WHGame.dll): rtti:.?AVCActionController@@ present in retail."
D-159,WO-100,multi,string-anchor,Mannequin tag names from kcd_male_tags.xml: walk run sprint dash steps forward backward left right stealth sitting sittingGround sittingNoTable sittingOnTable lying lyingGround leaning horse bath surrender wagon cart,reduce the tag bit-state to pace/dir/stance ordinals,none,main,mannequin_read.cpp:377,A,string found in retail and referenced by exactly one function,"str found, 1 fn; MT control ok",str:sittingNoTable,"(code-verified) names are GAME DATA (Animations/Mannequin/ADB tag XML, shipped in the paks), matched by strcmp against CTagDefinition names; 22 names. Not a binary location: retail must ship the same tag XML (inferred). RETAIL CHECK (data-verified, read-only scan of <RETAIL> WHGame.dll): str:sittingNoTable present in retail."
D-160,WO-100,CombatModule.dll,struct-field,"model property table: 20 properties at model+{0x300,0x200,0x180,0x380,0x0C0,0x340,0x1C0,0x2C0,0x280,0x240,0x3C0,0x140,0x080,0x100,0x040,0x480,0x4C0,0x7C0,0x8A8,0x000}; each property = +0x00 vptr, +0x08 value, +0x10 owner, +0x30 registered name; model+0x1100 owner-self",read the accepted combat input (RequestedInputClass/AtkZone/PreparedToAttack) and resolved combat state for the body-state wire and MANN-COMBAT log,none,main,mannequin_read.cpp:407,C,no retail evidence,str absent; str absent; str absent; str absent; str absent; MT control ok,str:RequestedInputClass|str:RequestedAtkZone|str:RequestedPreparedToAttack|str:PerfectBlockState|str:AttackStrength,"(code-verified) 20 property offsets + 4 layout constants; every offset is name-checked against the engine's own registered debug name (known-answer gate), widths I32/F32/Bool8 per WO-100 S10.5. The production wire reads only 4 of them (+0x300,+0x200,+0x2C0,+0x380) after a known-answer on +0x200. The names are CombatModule 0xD8E50's registrations; if retail strips the debug names the gate refuses (fails closed) and the combat half of the wire goes dark. RETAIL CHECK (data-verified, read-only scan of <RETAIL> WHGame.dll): str:RequestedInputClass ABSENT from retail; str:RequestedAtkZone ABSENT from retail; str:RequestedPreparedToAttack ABSENT from retail; str:PerfectBlockState ABSENT from retail; str:AttackStrength ABSENT from retail."
D-161,WO-100,CombatModule.dll,struct-field,"combat_input_class ids (-1 none,0 attack_light,1 attack_heavy,2 attack_special,3 move_left,4 move_right,5 move_back,6 move_forward,7 block); combat_zone ids (-1..5); combat_attack_type ids (-1..9)",row ids of the shipped tables turned into names for the log; the wire carries int8 row ids then names,none,main,mannequin_read.cpp:435,B,"string present, 3 referencing function(s); owning function/class exists in retail; layout/offset must be re-derived","str found, 3 fn; MT control ok",str:attack_special,"(code-verified) 3 enums (9 + 7 + 11 values) copied from Tables.pak rows; row ids are build-specific data (WO-100 S6.5 rule keeps them off the wire, the wire converts to names). RETAIL CHECK (data-verified, read-only scan of <RETAIL> WHGame.dll): str:attack_special present in retail."
D-162,WO-100,EntityModule.dll,vtable-slot,C_Actor vtbl+0x2D0 (GetAnimatedActor),"actor -> animated actor, first hop of the Mannequin tag-state read",none,main,mannequin_read.cpp:96,B,"depends on parent ""C_Player::PlayAnim"" which has a retail route",,offset-of:C_Player::PlayAnim,"(code-verified) slot 0x2D0/8 = 90; read by WO-44's decompile of C_Player::PlayAnim and exercised live by WO-45 swings. Used by the wire body-state read every position tick (read_body_state), so a wrong slot silently fails the whole pace/dir/stance channel (refusal counted as MP-ANIM read=refused)."
D-163,WO-100,multi,vtable-slot,animated actor vtbl+0x130 (GetActionController),animated actor -> IActionController,none,main,mannequin_read.cpp:97,B,"depends on parent ""C_Player::PlayAnim"" which has a retail route",,offset-of:C_Player::PlayAnim,(code-verified) WO-42 s1 corrects the external reference's slot [37] to +0x130 = slot [38] on MT; retail may differ again (inferred).
D-164,WO-100,multi,vtable-slot,"IActionController vtbl+0xB0 (GetContext; +0xB8 is the same getter, const overload)",controller -> SAnimationContext holding the 20-byte TagState,none,main,mannequin_read.cpp:98,B,"depends on parent ""CActionController::vftable"" which has a retail route",,offset-of:CActionController::vftable,"(code-verified) slots 22 and 23 of CActionController::vftable hold the same function 'return *(this+0x28)' (read in CryAction, data-verified by WO-100 decompile). Gated by the class-identity row below."
D-165,WO-100,multi,struct-field,"SAnimationContext +0x00 SControllerDef&, +0x08 CTagDefinition&, +0x10 TagState[20]; SControllerDef +0x10 CTagDefinition&",the two independent routes to the tag definition (must agree) and the 20-byte live tag bit-state,none,main,mannequin_read.cpp:99,B,"depends on parent ""CActionController::vftable"" which has a retail route",,offset-of:CActionController::vftable,(code-verified) 4 fields + TagState size 20 (kTagStateBytes). Both routes compared on every read; disagreement refuses. Corroborated by two shipped call sites (AnimationModule 0x20410 QueueAction and EntityModule 0xAE17A0 PlayAnim).
D-166,WO-100.5,CombatModule.dll,struct-field,"I_CombatActor+0x2F0 (model); model+0xEE8 (flag-array obj, vptr at +0, bytes at +0x08); property +0x30 name pointer; model+0x200 RequestedAtkZone",the combat model and its flag array for the combat-write probe and its known-answer gate,none,main,combat_write.cpp:106,B,owning class I_CombatActor has RTTI in retail; layout/slot must be re-derived from its methods (inferred),str absent; MT control ok,str:RequestedAtkZone,"(code-verified) 5 constants (+0x2F0, +0xEE8, +0x08, +0x30, +0x200). Gate 4: the property at model+0x200 must name itself 'RequestedAtkZone' (debug-registered name; a retail build that strips these names would fail the gate closed). Also used by mannequin_read.cpp:135/895. RETAIL CHECK (data-verified, read-only scan of <RETAIL> WHGame.dll): str:RequestedAtkZone ABSENT from retail."
D-167,WO-100.5,CombatModule.dll,fixed-offset,CombatModule.dll+0x76500,"RequestAction(I_CombatActor*, void** outAction, u8 actionType, i32 zone, u8 hand, i32 p6): request a combat action object (block) for an actor",none,main,combat_write.cpp:113,C,no retail evidence,pattern matches 0,pat:48 89 5C 24 20 55 57 41 54 41 56 41 57 48 8D 6C 24 D9 48 81 EC E0 00 00 00,"(code-verified) RVA + 25-byte prologue check (kPrologueRequestAction), file-triggered one-shot (kcdmp-combatwrite.txt) and the call REFUSED on the player live (null return); research only, never on the wire. Signature corrected across 3 call sites. RETAIL CHECK (data-verified, read-only scan of <RETAIL> WHGame.dll): pat:48 89 5C 24 20 55 57 41 54 41 56 41 57 4 retail matches=0, MT CombatModule.dll matches=1."
D-168,WO-100.5,CombatModule.dll,fixed-offset,CombatModule.dll+0xF4C20,"SetFlag(flagsObj, int32 index, u8 value): byte-array flag setter on model+0xEE8 (the shipped SetStandardGuardRequest does set(model+0xEE8,0,1))",none,main,combat_write.cpp:114,C,no retail evidence,pattern matches 0,pat:40 53 55 56 57 48 83 EC 48 48 8B F1 48 63 EA,"(code-verified) RVA + 15-byte prologue check; research-only one-shot (cmd_setflag), first combat write live in WO-100.5. Not on the production path. RETAIL CHECK (data-verified, read-only scan of <RETAIL> WHGame.dll): pat:40 53 55 56 57 48 83 EC 48 48 8B F1 48 6 retail matches=0, MT CombatModule.dll matches=3."
D-169,WO-102,CryEntitySystem.dll,fixed-offset,CryEntitySystem.dll+0x14FA18 (CEntity::vftable) and SizeOfImage 0x1C8000 sanity bound,vptr of a CEntity for the entity-hop validation and the build-drift gate,none,main,local_state.cpp:15,B,owning function/class exists in retail; layout/offset must be re-derived,"rtti found, 1 vftable; MT control ok",rtti:.?AVCEntity@@,MT-only RVA + image size; better done by find_vftable (engine.cpp already does). (data-verified) retail has the type descriptor once.
D-170,WO-102,CryEntitySystem.dll,struct-field,CEntity Matrix34 m_worldTM at +0x58 row-major; read floats at +0x58 +0x5C +0x68 +0x6C +0x78 (rotation terms) and +0x64 +0x74 +0x84 (translation),"player position and yaw (yaw = atan2(m10,m00), gimbal branch atan2(-m01,m11))",none,main,local_state.cpp:16,B,"parent ""CEntity::GetWorldPos"" unresolved; owning class CEntity has RTTI in retail; layout/slot must be re-derived from its methods (inferred)",,offset-of:CEntity::GetWorldPos,8 fields read together; layout copied from decompiled CScriptBind_Entity::GetWorldPos/GetWorldAngles; stock CryEngine Matrix34 layout.
D-171,WO-102,EntityModule.dll,struct-field,"C_Actor -> IEntity* (m_pEntity) at one of candidate offsets {0x28,0x30,0x38,0x18,0x20}, accepted when pointee vptr == CEntity::vftable",hop from player C_Actor to its CEntity,none,main,local_state.cpp:27,B,"parent ""C_EntityModule::GetPlayerActor"" unresolved; owning class C_EntityModule, C_Actor, CEntity has RTTI in retail; layout/slot must be re-derived from its methods (inferred)",,offset-of:C_EntityModule::GetPlayerActor,"5 candidates, runtime-validated each read; IComponent = vptr + weak_ptr (16 B) so members start at 0x18."
D-172,WO-102,EntityModule.dll,export,?m_Instance@C_EntityModule@entitymodule@wh@@ (a static data member exported; the slot holds the C_EntityModule*),C_EntityModule singleton,none,main,local_state.cpp:49,B,export absent on retail; alternative string/RTTI anchor exists,"rtti found, 1 vftable; MT control ok",exp:?m_Instance@C_EntityModule@entitymodule@wh@@|rtti:.?AVC_EntityModule@entitymodule@wh@@,"Read through GetProcAddress-style export walk; retail: not exported (RTTI .?AVC_EntityModule@entitymodule@wh@@ present once, data-verified, but the static slot needs a new anchor)."
D-173,WO-102,EntityModule.dll,export,?GetPlayerActor@C_EntityModule@entitymodule@wh@@ (called as fn(this) -> C_Actor*),the local player's C_Actor,none,main,local_state.cpp:50,B,export absent on retail; alternative string/RTTI anchor exists,"rtti found, 1 vftable; MT control ok",exp:?GetPlayerActor@C_EntityModule@entitymodule@wh@@|via-rtti:.?AVC_EntityModule@entitymodule@wh@@,"Retail: not exported; (data-verified) the string GetPlayerActor is absent from retail WHGame.dll, so no string anchor - needs RTTR/vtable or code-pattern anchor."
D-174,WO-102.5,CryEntitySystem.dll,fixed-offset,CryEntitySystem.dll+0x14FA18 (CEntity::vftable); image bound CryEntitySystem.dll+0x1C8000,"trust gate: slot0 of the vftable at this RVA must lie inside the image, and every walked entity's vptr must equal it",none,main,npc_scan.cpp:13,B,owning function/class exists in retail; layout/offset must be re-derived,"rtti found, 1 vftable; MT control ok",via-rtti:.?AVCEntity@@,Hard-coded RVA + image size 0x1C8000; MT-only (split module). Retail port should use the RTTI vftable (npc_drive.cpp:673) instead. Retail WHGame.dll/KingdomCome.exe scan (data-verified): via-rtti 1 hit.
D-175,WO-102.5,CryEntitySystem.dll,string-anchor,"""NPC"", ""NPC_Female"", ""Horse"" (entity class names passed to FindClass)",the classes of scanned bodies,none,main,npc_scan.cpp:131,B,"string present, 3 referencing function(s); string present, 13 referencing function(s); string/RTTI present but not unique or unreferenced in code","str found, 3 fn; str found, 13 fn; MT control ok",str:NPC_Female|str:Horse,"Class names registered by the game's entity definitions; missing any -> kClassRegistryUnmapped, scan refused. Retail WHGame.dll/KingdomCome.exe scan (data-verified): str 2 hits; str 526 hits."
D-176,WO-102.5,CryEntitySystem.dll,struct-field,"CEntity worldTM @+0x58: m00 +0x58, m01 +0x5C, m10 +0x68, m11 +0x6C, m20 +0x78, pos x +0x64 y +0x74 z +0x84","position and yaw of a walked entity (yaw = atan2(m10,m00), gimbal fallback via m20/m01/m11)",none,main,npc_scan.cpp:14,B,"depends on parent ""CEntity"" which has a retail route",,offset-of:CEntity,8 fields read together; duplicated as 5 fields in npc_drive.cpp:54 and read by wo138 through npcscan::read_entity.
D-177,WO-102.5,CryEntitySystem.dll,struct-field,CEntity +0xE0 = CryStringT<char> data pointer (entity name),read the authored entity name without a vtable call,none,main,npc_scan.cpp:19,B,"string present, 6 referencing function(s); owning function/class exists in retail; layout/offset must be re-derived","str found, 6 fn; MT control ok",via-str:GetName,"From CScriptBind_Entity::GetName (entity+0xE0 handed to the string wrapper). Read defensively (printable ASCII, <=59 bytes): WO-97 negative-refcount CryString trap. Retail WHGame.dll/KingdomCome.exe scan (data-verified): via-str 7 hits."
D-178,WO-102.5,CryEntitySystem.dll,vtable-slot,IEntity vtbl+0x18 GetClass,classify a walked entity (human / horse / animal) by class pointer equality,none,main,npc_scan.cpp:22,B,class vtable present in retail; slot number/meaning must be re-verified,"rtti found, 1 vftable; MT control ok",via-rtti:.?AVCEntity@@,Different vtable than the registry's same slot number (coincidence). Retail WHGame.dll/KingdomCome.exe scan (data-verified): via-rtti 1 hit.
D-179,WO-102.5,CryEntitySystem.dll,vtable-slot,IEntitySystem vtbl+0x58 GetClassRegistry,resolve the entity class registry,none,main,npc_scan.cpp:23,B,reached through a string anchor; slot must be re-verified,"str found, 1 fn; MT control ok",via-str:GetEntitiesInSphereByClass,Read from the decompiled script binding; two independent call sites cross-checked with the CryEngine interface shape. Retail WHGame.dll/KingdomCome.exe scan (data-verified): via-str 1 hit.
D-180,WO-102.5,CryEntitySystem.dll,vtable-slot,IEntitySystem vtbl+0xB0 GetEntityIterator,"full entity walk (every scan, leash sample)",none,main,npc_scan.cpp:24,B,reached through a string anchor; slot must be re-verified,"str found, 1 fn; MT control ok",via-str:GetEntitiesInSphere,"Walk is the FULL iterator (37k entities, WO-127), filtered by us. Iterator refcount: AddRef after create, Release at end. Retail WHGame.dll/KingdomCome.exe scan (data-verified): via-str 5 hits."
D-181,WO-102.5,CryEntitySystem.dll,vtable-slot,IEntityClassRegistry vtbl+0x18 FindClass(const char*),resolve entity classes NPC/NPC_Female/Horse/Wolf/WildDog/Boar,none,main,npc_scan.cpp:25,B,reached through a string anchor; slot must be re-verified,"str found, 1 fn; MT control ok",via-str:GetEntitiesInSphereByClass,Result pointers cached for the process lifetime (class singletons). Retail WHGame.dll/KingdomCome.exe scan (data-verified): via-str 1 hit.
D-182,WO-102.5,CryEntitySystem.dll,vtable-slot,"IEntityIterator vtbl+0x08 AddRef, +0x10 Release, +0x20 Next()->IEntity*, +0x30 MoveFirst",iterate all entities,none,main,npc_scan.cpp:26,B,reached through a string anchor; slot must be re-verified,"str found, 1 fn; MT control ok",via-str:GetEntitiesInSphere,4 slots decompiled from CScriptBind_System::GetEntitiesInSphere. Retail WHGame.dll/KingdomCome.exe scan (data-verified): via-str 5 hits.
D-183,WO-102.5,CryScriptSystem.dll,global,CryScriptSystem.dll+0x8E560 (private SSystemGlobalEnvironment* gEnv slot),reach gEnv -> pEntitySystem for the native entity walk (also leash.cpp:18),none,main,npc_scan.cpp:33,B,owning function/class exists in retail; layout/offset must be re-derived,"str found, 1 fn; MT control ok",via-str:GetEntitiesInSphere,"gEnv not exported; a data RVA in a split module, never trusted on its own (gate: entities must pass the vptr check). Retail: one image, find gEnv via a function that reads it (System.GetEntitiesInSphere binding). Retail WHGame.dll/KingdomCome.exe scan (data-verified): via-str 5 hits."
D-184,WO-102.5,CryScriptSystem.dll,struct-field,SSystemGlobalEnvironment +0xA0 = pEntitySystem,IEntitySystem pointer from gEnv,none,main,npc_scan.cpp:34,B,"depends on parent ""gEnv"" which has a retail route",,offset-of:gEnv,Read out of CScriptBind_System::GetEntitiesInSphere(ByClass) (decompiled).
D-185,WO-102.5,CryEntitySystem.dll,vtable-slot,IEntitySystem vtbl+0x80 FindEntityByName(const char*),name -> IEntity* in wo141/wo143 (hand/activity targets),none,main,wo141.cpp:278,C,no retail evidence,,none,"(inferred) slot 0x80 from the IEntitySystem layout (0x58 registry, 0xB0 iterator); Warhorse's own PauseNPCInternal calls FindEntityByName (WO-102 docs). Not byte-validated; fail closed on null."
D-186,WO-111,RPGModule.dll,fixed-offset,"ImmortalHealthMin = 1.0 (params+0x3A0, default 1.0)",the floor a guarded soul health is clamped to; detector samples hp <= 1.0+0.01,none,main,respawn.cpp:99,C,no retail evidence,,none,"The value is a game-params default copied into our constants (the +0x3A0 is only a comment); if params differ in retail, floor detection misses. (code-verified: read in our source)"
D-187,WO-113,multi,struct-field,"PE section lookup by name: "".text"", "".rdata"", "".data""",section() for every scan range,none,main,anchors.cpp:148,C,no retail evidence,,none,"Retail image section names/layout unverified (monolith may have extra sections, e.g. .text2)."
D-188,WO-113,multi,rtti,"x64 RTTI: TypeDescriptor{vft,spare,name}@.data -> CompleteObjectLocator{sig=1,offset,cdOffset,typeDescRVA,classDescRVA,selfRVA}@.rdata -> vftable = qword after COL pointer","find_vftable by decorated name, unique hit required",none,main,anchors.cpp:183,C,class RTTI absent in retail [inconclusive: the recorded anchor also fails on the Modding Tools control],rtti absent; MT control anchor not found in any MT module,rtti:.?AV,"Requires RTTI intact and COL in .rdata/TD in .data; retail has ~51k descriptors so scheme expected to work, but section names .data/.rdata and uniqueness must be checked per class."
D-189,WO-113,multi,struct-field,PE exception directory (.pdata RUNTIME_FUNCTION table) + UNWIND_INFO CHAININFO / RUNTIME_FUNCTION_INDIRECT following,function_range / function_by_string / fragment walking: find the function holding an address,none,main,anchors.cpp:27,C,no retail evidence,,none,"Needs .pdata in the target image (retail WHGame has one if x64 with SEH - unverified). Pure PE, not engine; counted because every string/RTTI anchor depends on it."
D-190,WO-113,multi,prologue-bytes,"LEA reg,[rip+disp32] scan in .text: (b0&0xF8)==0x48, b1==0x8D, (b2&0xC7)==0x05",function_by_string: the one function whose LEA references a string; count==1 required,none,main,anchors.cpp:282,B,pattern has [200] matches (PGO duplicates); needs a second anchor,pattern matches 200,pat:48 8D ?? ?? ?? ?? ??,Only LEA references counted (not MOV/CMP/inlined-string). Retail with LTO/ICF may fold strings so a string could be referenced by several functions or none - 'exactly one' rule can fail.
D-191,WO-113,multi,prologue-bytes,any RIP-relative disp32 in a function whose next-instruction + disp equals a target (function_refs); function_has_bytes / function_has_sequence / function_find_sequence windowed byte scans,"validate vtable slots by the string they reference, lift operands out of anchored functions",none,main,anchors.cpp:89,C,pattern has 0 matches in retail,,none,"Byte scans over all .pdata fragments; needs the function to be unwind-registered and its fragments chain-linked (retail has .pdata, data-verified)."
D-192,WO-113,RPGModule.dll,rtti,.?AVC_RPGModule@rpgmodule@wh@@,class check of the RPG module object (rttr::rpg_module()) before its vtbl+0xE0 is called,none,main,buffs.cpp:15,A,RTTI class and vftable present in retail,"rtti found, 2 vftable; MT control ok",rtti:.?AVC_RPGModule@rpgmodule@wh@@,"(code-verified) find_vftable unique, else buffs stay unarmed (BUFFS: ANCHOR FAILED) and the death guard / avatar guard / copy guard do not arm. The object pointer itself comes from rttr_abi.cpp (another agent's file). RETAIL CHECK (data-verified, read-only scan of <RETAIL> WHGame.dll): rtti:.?AVC_RPGModule@rpgmodule@wh@@ present in retail."
D-193,WO-113,RPGModule.dll,rtti,.?AVC_BuffManager@rpgmodule@wh@@,vftable of the buff manager whose slots add / remove / define buffs,none,main,buffs.cpp:16,A,RTTI class and vftable present in retail,"rtti found, 1 vftable; MT control ok",rtti:.?AVC_BuffManager@rpgmodule@wh@@,"(code-verified) unique vftable required; the live manager's vptr is compared on every call (manager_checked). RETAIL CHECK (data-verified, read-only scan of <RETAIL> WHGame.dll): rtti:.?AVC_BuffManager@rpgmodule@wh@@ present in retail."
D-194,WO-113,RPGModule.dll,rtti,.?AVC_Soul@rpgmodule@wh@@ (vftable offset 0 and secondary at +8),class check of a soul pointer (C_Soul*) before it goes to the buff manager; a +8 subobject pointer is normalised by -8,none,main,buffs.cpp:17,A,RTTI class and vftable present in retail,"rtti found, 2 vftable; MT control ok",rtti:.?AVC_Soul@rpgmodule@wh@@,"(code-verified) primary must be unique, +8 optional. RETAIL CHECK (data-verified, read-only scan of <RETAIL> WHGame.dll): rtti:.?AVC_Soul@rpgmodule@wh@@ present in retail."
D-195,WO-113,RPGModule.dll,string-anchor,wh::rpgmodule::C_ScriptBindSoul::AddBuff,"finds the AddBuff scriptbind so the buff-manager path can be proven (contains call [rax+0xE0] then mov r10,[rcx])",none,main,buffs.cpp:18,B,"string present, 7 referencing function(s); only 1 of 2 listed strings exist in retail","str absent; str found, 7 fn; rtti found, 1 vftable; MT control ok",str:wh::rpgmodule::C_ScriptBindSoul::AddBuff|str:AddBuff|via-rtti:.?AVC_ScriptBindSoul@rpgmodule@wh@@,"(code-verified) function_by_string must find exactly one function and it must contain FF 90 E0 00 00 00 followed within 48 bytes by 4C 8B 11 (rpg vtbl 0xE0, then manager slot 0). MT-ONLY RISK: this is a __FUNCTION__/trace string; WO-42 s0 says retail is a stripped PGO master (asserted there, not checked here); a stripped retail makes buffs, and with them the death/avatar/copy guards, refuse to arm. RETAIL CHECK (data-verified, read-only scan of <RETAIL> WHGame.dll): str:wh::rpgmodule::C_ScriptBindSoul::AddBuff ABSENT from retail; str:AddBuff present in retail; via-rtti:.?AVC_ScriptBindSoul@rpgmodule@wh@@ present in retail."
D-196,WO-113,RPGModule.dll,string-anchor,wh::rpgmodule::C_ScriptBindSoul::RemoveAllBuffsByGuid,"finds the RemoveAllBuffsByGuid scriptbind (contains call [rax+0xE0] then mov r9,[rcx+0x28] = manager slot 0x28)",none,main,buffs.cpp:19,B,"string present, 2 referencing function(s); only 1 of 2 listed strings exist in retail","str absent; str found, 2 fn; MT control ok",str:wh::rpgmodule::C_ScriptBindSoul::RemoveAllBuffsByGuid|str:RemoveAllBuffsByGuid,"(code-verified) sequence FF 90 E0 00 00 00 then 4C 8B 49 28 within 32 bytes. Same MT-only risk as AddBuff. RETAIL CHECK (data-verified, read-only scan of <RETAIL> WHGame.dll): str:wh::rpgmodule::C_ScriptBindSoul::RemoveAllBuffsByGuid ABSENT from retail; str:RemoveAllBuffsByGuid present in retail."
D-197,WO-113,RPGModule.dll,string-anchor,wh::rpgmodule::C_ScriptBindSoul::HasBuffDebug,finds HasBuffDebug (contains call [rax+0x58] = instance GUID getter) to prove inst vtbl+0x58,none,main,buffs.cpp:20,C,anchor string absent in retail,str absent; MT control ok,str:wh::rpgmodule::C_ScriptBindSoul::HasBuffDebug,"(code-verified) FF 50 58 must be inside it. Same MT-only risk. RETAIL CHECK (data-verified, read-only scan of <RETAIL> WHGame.dll): str:wh::rpgmodule::C_ScriptBindSoul::HasBuffDebug ABSENT from retail."
D-198,WO-113,RPGModule.dll,string-anchor,wh::rpgmodule::C_BuffManager::AddBuffOwned,proves C_BuffManager vtbl slot 2 (+0x10) is AddBuffOwned and that slot 0 calls it,none,main,buffs.cpp:21,C,anchor string absent in retail,str absent; MT control ok,str:wh::rpgmodule::C_BuffManager::AddBuffOwned,"(code-verified) find_cstring + function_refs on slot 2, function_calls(slot0 -> slot2); slot 0 must also contain 48 8D 8D B8 05 00 00 and 48 8B 85 C0 05 00 00 (soul+0x5B8/+0x5C0). Same MT-only risk. RETAIL CHECK (data-verified, read-only scan of <RETAIL> WHGame.dll): str:wh::rpgmodule::C_BuffManager::AddBuffOwned ABSENT from retail."
D-199,WO-113,RPGModule.dll,vtable-slot,C_RPGModule vtbl+0xE0 (GetBuffManager -> C_BuffManager*),reach the buff manager exactly as the AddBuff scriptbind does,none,main,buffs.cpp:23,B,"owning class C_RPGModule, C_BuffManager has RTTI in retail; layout/slot must be re-derived from its methods (inferred)",str absent; MT control ok,via-str:wh::rpgmodule::C_ScriptBindSoul::AddBuff,"(code-verified) slot 0xE0/8 = 28; proven by the scriptbind sequences above and by the returned object's vptr == C_BuffManager vftable. RETAIL CHECK (data-verified, read-only scan of <RETAIL> WHGame.dll): via-str:wh::rpgmodule::C_ScriptBindSoul::AddBuff ABSENT from retail."
D-200,WO-113,RPGModule.dll,vtable-slot,"C_BuffManager vtbl+0x00 AddBuff(mgr, soul, guid*, null, perkGuid*) -> instance*, +0x10 AddBuffOwned, +0x28 RemoveAllBuffsByGuid(mgr, soul, guid*) -> u32, +0x38 FindDefinition(mgr, guid*) -> def*","add / remove / look up buffs on a soul (avatar guard, knockout, death guard)",none,main,buffs.cpp:24,B,class vtable present in retail; slot number/meaning must be re-verified,"rtti found, 1 vftable; MT control ok",via-rtti:.?AVC_BuffManager@rpgmodule@wh@@,"(code-verified) 4 manager slots; slot 0 and 0x28 are proven by the scriptbind sequences, 0x10 by the AddBuffOwned string, 0x38 is NOT byte-verified (definition_exists only). RETAIL CHECK (data-verified, read-only scan of <RETAIL> WHGame.dll): via-rtti:.?AVC_BuffManager@rpgmodule@wh@@ present in retail."
D-201,WO-113,RPGModule.dll,struct-field,"soul+0x5B8 instance vector begin, soul+0x5C0 end (8-byte pointers); instance vtbl+0x58 = definition GUID getter; instance+0x08 = instance WUID",has(): is this buff GUID live on this soul (walks up to 512 instance pointers),none,main,buffs.cpp:28,C,no retail evidence,str absent; MT control ok,via-str:wh::rpgmodule::C_BuffManager::AddBuffOwned,"(code-verified) 4 constants (+0x5B8, +0x5C0, vtbl +0x58, +0x08); the vector offsets are proven by the lea/mov byte checks inside manager slot 0 (soul is held in rbp there) and the +0x58 call by HasBuffDebug. RETAIL CHECK (data-verified, read-only scan of <RETAIL> WHGame.dll): via-str:wh::rpgmodule::C_BuffManager::AddBuffOwned ABSENT from retail."
D-202,WO-113,multi,struct-field,"CryGUID in-memory layout {u32 LE, u16 LE, u16 LE, 8 bytes}",turn a GUID text into the bytes the engine compares (parse_guid),none,main,buffs.cpp:97,C,no retail evidence,,none,(code-verified) taken from the engine's own parser format '%8x-%4hx-%4hx-%2hhx%2hhx-...'; used for every buff and the quest/soul GUID bytes that share this layout.
D-203,WO-113,PlayerModule.dll,prologue-bytes,"48 8B 05 ?? ?? ?? ?? ... 48 8B 88 A0 00 00 00 (mov rax,[rip+X] ... mov rcx,[rax+0xA0], second within 16 bytes)",lift the gEnv slot address (RIP-relative operand) out of the anchored function,none,main,engine.cpp:114,C,pattern has 0 matches in retail,pattern matches 0,pat:48 8B 05 ?? ?? ?? ?? ?? ?? ?? ?? ?? ?? ?? ?? 48 8B 88 A0 00 00 00,"Slot must lie in PlayerModule .data (split-module scheme). Retail needs a different gEnv lift from any retail-present function with the same mov rax,[rip+X]; mov rcx,[rax+0xA0] shape."
D-204,WO-113,PlayerModule.dll,global,gEnv (SSystemGlobalEnvironment*) via the lifted slot,"root of engine services: IEntitySystem, IConsole",none,main,engine.cpp:124,C,no retail evidence,str absent; MT control ok,via-str:Unable to find HangoverSpotsHub from sa_land (via link '%s'),Read fresh every call (genv()); everything below hangs off it.
D-205,WO-113,CryEntitySystem.dll,rtti,".?AVCEntitySystem@@ (vftable, colOffset 0, must be unique)",IEntitySystem vtable identity; validates gEnv+0xA0 and every es slot call,none,main,engine.cpp:129,A,RTTI class and vftable present in retail,"rtti found, 1 vftable; MT control ok",rtti:.?AVCEntitySystem@@,"(data-verified) retail: one type descriptor, one COL, one vftable (WHGame RVA 0x4077048) so the hits==1 rule passes."
D-206,WO-113,CryEntitySystem.dll,rtti,".?AVCEntity@@ (vftable, colOffset 0)",identify a CEntity by vptr before every IEntity vcall,none,main,engine.cpp:130,A,RTTI class and vftable present in retail,"rtti found, 1 vftable; MT control ok",rtti:.?AVCEntity@@,All entity_* helpers refuse objects whose vptr differs. (data-verified) type descriptor present once on retail; vftable uniqueness not checked.
D-207,WO-113,CrySystem.dll,rtti,.?AVCXConsole@@ (vftable),IConsole identity at gEnv+0xA8,none,main,engine.cpp:131,A,RTTI class and vftable present in retail,"rtti found, 3 vftable; MT control ok",rtti:.?AVCXConsole@@,Searched in CrySystem.dll; retail module handle must become WHGame. (data-verified) type descriptor present once on retail.
D-208,WO-113,CryEntitySystem.dll,string-anchor,CEntitySystem::SpawnEntity,verify IEntitySystem vtable slot 0x60 is SpawnEntity (function references this string),none,main,engine.cpp:135,B,"the code-side literal is not in retail, but a retail string that extends it is ('CEntitySystem::SpawnEntity %s %s 0x%x'): the anchor needs widening","str found, 1 fn; MT control ok",str:CEntitySystem::SpawnEntity %s %s 0x%x,"(data-verified) retail has only the longer CEntitySystem::SpawnEntity %s %s 0x%x (exact MT string absent) and the function at CEntitySystem vtable slot 0x60 references it once, so the gate works if the match is widened."
D-209,WO-113,CryEntitySystem.dll,string-anchor,CEntitySystem::RemoveEntity %s %s 0x%x,verify IEntitySystem vtable slot 0x98 is RemoveEntity,none,main,engine.cpp:136,A,string found in retail and referenced by exactly one function,"str found, 1 fn; MT control ok",str:CEntitySystem::RemoveEntity %s %s 0x%x,(data-verified) exact string present once on retail and the slot 0x98 function references it once.
D-210,WO-113,PlayerModule.dll,string-anchor,Unable to find HangoverSpotsHub from sa_land (via link '%s'),"find C_PlayerModule::ValidateAlcoTeleportPoints by its one referencing function, to lift gEnv out of it",none,main,engine.cpp:13; hangover.cpp:15,C,anchor string absent in retail,str absent; MT control ok,str:Unable to find HangoverSpotsHub from sa_land (via link '%s'),Needs exactly one LEA referrer; no gEnv => engine services (spawn/remove/console/entity walk) all OFF. (data-verified) string ABSENT from retail WHGame.dll (ascii and utf-16; ValidateAlcoTeleportPoints also absent) => this anchor cannot work on retail. [also used in 1 other file(s)]
D-211,WO-113,CryEntitySystem.dll,struct-field,"gEnv+0xA0 (IEntitySystem*), gEnv+0xA8 (IConsole*)",read the two service pointers out of gEnv,none,main,engine.cpp:16,B,"depends on parent ""gEnv"" which has a retail route",,offset-of:gEnv,2 fields; each validated by vptr==RTTI vftable at resolve time.
D-212,WO-113,CryEntitySystem.dll,vtable-slot,CEntitySystem vtable +0x58 (GetClassRegistry),IEntitySystem::GetClassRegistry,none,main,engine.cpp:19,B,class vtable present in retail; slot number/meaning must be re-verified,"rtti found, 1 vftable; MT control ok",via-rtti:.?AVCEntitySystem@@,"Slot number is stock CryEngine 5.x layout as read from this build's binds (WO-113 s1); only 0x60/0x98 are string-validated, the others are unvalidated beyond the vptr check."
D-213,WO-113,CryEntitySystem.dll,vtable-slot,CEntitySystem vtable +0x60 (SpawnEntity),IEntitySystem::SpawnEntity,none,main,engine.cpp:20,B,"exact literal absent, substring present (inconclusive); owning class CEntitySystem has RTTI in retail; layout/slot must be re-derived from its methods (inferred)",str absent; MT control ok,str:CEntitySystem::SpawnEntity,"Slot number is stock CryEngine 5.x layout as read from this build's binds (WO-113 s1); only 0x60/0x98 are string-validated, the others are unvalidated beyond the vptr check."
D-214,WO-113,CryEntitySystem.dll,vtable-slot,CEntitySystem vtable +0x70 (GetEntity(id)),IEntitySystem::GetEntity(id),none,main,engine.cpp:21,B,class vtable present in retail; slot number/meaning must be re-verified,"rtti found, 1 vftable; MT control ok",via-rtti:.?AVCEntitySystem@@,"Slot number is stock CryEngine 5.x layout as read from this build's binds (WO-113 s1); only 0x60/0x98 are string-validated, the others are unvalidated beyond the vptr check."
D-215,WO-113,CryEntitySystem.dll,vtable-slot,CEntitySystem vtable +0x78 (GetEntityByGuid),IEntitySystem::GetEntityByGuid,none,main,engine.cpp:22,B,class vtable present in retail; slot number/meaning must be re-verified,"rtti found, 1 vftable; MT control ok",via-rtti:.?AVCEntitySystem@@,"Slot number is stock CryEngine 5.x layout as read from this build's binds (WO-113 s1); only 0x60/0x98 are string-validated, the others are unvalidated beyond the vptr check."
D-216,WO-113,CryEntitySystem.dll,vtable-slot,CEntitySystem vtable +0x98 (RemoveEntity),IEntitySystem::RemoveEntity,none,main,engine.cpp:23,B,reached through a string anchor; slot must be re-verified,"str found, 1 fn; MT control ok",str:CEntitySystem::RemoveEntity %s %s 0x%x,"Slot number is stock CryEngine 5.x layout as read from this build's binds (WO-113 s1); only 0x60/0x98 are string-validated, the others are unvalidated beyond the vptr check."
D-217,WO-113,CryEntitySystem.dll,struct-field,"SEntitySpawnParams layout: +0x08 guid, +0x18 class ptr, +0x28 ptr to """", +0x40 name, +0x48 flags, +0x4C extra flags (0x400000), +0x58 pos(12), +0x64 quat(16), +0x74 scale(12); 0x100 zeroed buffer","hand-built spawn params for SpawnEntity(params,true)",none,main,engine.cpp:237,B,"depends on parent ""CEntitySystem::SpawnEntity"" which has a retail route",,offset-of:CEntitySystem::SpawnEntity,"9 fields, copied from how the Lua bind fills it (Warhorse-specific bit 0x400000)."
D-218,WO-113,CryEntitySystem.dll,vtable-slot,CEntitySystem vtable +0xB0 (GetEntityIterator),IEntitySystem::GetEntityIterator,none,main,engine.cpp:24,B,class vtable present in retail; slot number/meaning must be re-verified,"rtti found, 1 vftable; MT control ok",via-rtti:.?AVCEntitySystem@@,"Slot number is stock CryEngine 5.x layout as read from this build's binds (WO-113 s1); only 0x60/0x98 are string-validated, the others are unvalidated beyond the vptr check."
D-219,WO-113,CryEntitySystem.dll,vtable-slot,IEntityClassRegistry vtable +0x18 (FindClass(name)),resolve an entity class for SpawnEntity,none,main,engine.cpp:25,B,class vtable present in retail; slot number/meaning must be re-verified,"rtti found, 1 vftable; MT control ok",via-rtti:.?AVCEntityClassRegistry@@,Class registry object returned by es slot 0x58; slot unvalidated.
D-220,WO-113,CryEntitySystem.dll,vtable-slot,"IEntityIt vtable +0x08/+0x10/+0x20/+0x30 (AddRef, Release, Next, MoveFirst)",walk every entity (for_each_entity),none,main,engine.cpp:26,C,no retail evidence [inconclusive: the recorded anchor also fails on the Modding Tools control],rtti absent; MT control anchor not found in any MT module,via-rtti:.?AVCEntityIt@@,4 slots of the entity iterator returned by es +0xB0; loop cap 200000.
D-221,WO-113,CryEntitySystem.dll,vtable-slot,CEntity vtable +0x8 (GetId),IEntity::GetId,none,main,engine.cpp:28,B,class vtable present in retail; slot number/meaning must be re-verified,"rtti found, 1 vftable; MT control ok",via-rtti:.?AVCEntity@@,IEntity slot from WO-113 s1 agent research; guarded by vptr==CEntity vftable and SEH.
D-222,WO-113,CryEntitySystem.dll,vtable-slot,CEntity vtable +0x10 (GetGuid),IEntity::GetGuid,none,main,engine.cpp:29,B,class vtable present in retail; slot number/meaning must be re-verified,"rtti found, 1 vftable; MT control ok",via-rtti:.?AVCEntity@@,IEntity slot from WO-113 s1 agent research; guarded by vptr==CEntity vftable and SEH.
D-223,WO-113,CryEntitySystem.dll,vtable-slot,CEntity vtable +0x38 (AddFlags),IEntity::AddFlags,none,main,engine.cpp:30,B,class vtable present in retail; slot number/meaning must be re-verified,"rtti found, 1 vftable; MT control ok",via-rtti:.?AVCEntity@@,IEntity slot from WO-113 s1 agent research; guarded by vptr==CEntity vftable and SEH.
D-224,WO-113,CryEntitySystem.dll,vtable-slot,CEntity vtable +0x90 (GetName),IEntity::GetName,none,main,engine.cpp:31,B,class vtable present in retail; slot number/meaning must be re-verified,"rtti found, 1 vftable; MT control ok",via-rtti:.?AVCEntity@@,IEntity slot from WO-113 s1 agent research; guarded by vptr==CEntity vftable and SEH.
D-225,WO-113,CryEntitySystem.dll,vtable-slot,"CEntity vtable +0x138 (SetPos(pos,0,false,false))","IEntity::SetPos(pos,0,false,false)",none,main,engine.cpp:32,B,class vtable present in retail; slot number/meaning must be re-verified,"rtti found, 1 vftable; MT control ok",via-rtti:.?AVCEntity@@,IEntity slot from WO-113 s1 agent research; guarded by vptr==CEntity vftable and SEH.
D-226,WO-113,CryEntitySystem.dll,vtable-slot,CEntity vtable +0x170 (GetWorldPos(out)),IEntity::GetWorldPos(out),none,main,engine.cpp:33,B,class vtable present in retail; slot number/meaning must be re-verified,"rtti found, 1 vftable; MT control ok",via-rtti:.?AVCEntity@@,IEntity slot from WO-113 s1 agent research; guarded by vptr==CEntity vftable and SEH.
D-227,WO-113,CryEntitySystem.dll,vtable-slot,"CEntity vtable +0x360 (LoadGeometry(slot,file,null,flags))","IEntity::LoadGeometry(slot,file,null,flags)",none,main,engine.cpp:34,B,class vtable present in retail; slot number/meaning must be re-verified,"rtti found, 1 vftable; MT control ok",via-rtti:.?AVCEntity@@,IEntity slot from WO-113 s1 agent research; guarded by vptr==CEntity vftable and SEH.
D-228,WO-113,CrySystem.dll,vtable-slot,CXConsole vtable +0xB8 (GetCVar(name)),look up a CVar by name,none,main,engine.cpp:36,B,class vtable present in retail; slot number/meaning must be re-verified,"rtti found, 3 vftable; MT control ok",via-rtti:.?AVCXConsole@@,IConsole slot; unvalidated beyond vptr.
D-229,WO-113,CrySystem.dll,vtable-slot,"ICVar vtable +0x10 (GetIVal), +0x38 (Set(int)), +0x70 (GetType; must == 1 for int)",read/set an int cvar (cvar_set_int),none,main,engine.cpp:37,B,class vtable present in retail; slot number/meaning must be re-verified,"rtti found, 3 vftable; MT control ok",via-rtti:.?AVCXConsole@@,3 slots; type==1 is the int CVar enum value copied from engine.
D-230,WO-113,CryEntitySystem.dll,struct-field,"entity flag values: CAST_SHADOW 0x2, NO_SAVE 0x8000, SPAWNED 0x1000000",flags passed at spawn / AddFlags,none,main,engine.cpp:41,B,"depends on parent ""CEntity vtable +0x38"" which has a retail route",,offset-of:CEntity vtable +0x38,3 enum values copied from the engine; stock CryEngine values except Warhorse bit 0x400000 above.
D-231,WO-113,RPGModule.dll,string-anchor,"Soul property names passed by callers: IsBleeding, IsStarving; CombatSoul: HasWeaponInHand, IsUnarmed, HasMeleeWeapon (engine.h)",soul_bool / combat_bool reflected bool reads,none,main,engine.h:454,A,string found in retail and referenced by exactly one function,"str found, 1 fn; str found, 1 fn; str found, 1 fn; str found, 1 fn; str found, 1 fn; MT control ok",via-str:HasWeaponInHand|via-str:IsBleeding|via-str:IsStarving|via-str:IsUnarmed|via-str:HasMeleeWeapon,5 names; absent property => invalid variant => false (never default).
D-232,WO-113,PlayerModule.dll,rtti,.?AVC_GameOver@playermodule@wh@@,"vftable of C_GameOver; slot 1 = C_GameOver::Start(this, int id) is swapped for the Game Over guard",vtable-swap,main,gameover_hook.cpp:15,C,class RTTI absent in retail,rtti absent; MT control ok,rtti:.?AVC_GameOver@playermodule@wh@@,"(code-verified) find_vftable unique or no install. The slot lives in PlayerModule .rdata and is swapped atomically (VirtualProtect + InterlockedExchangePointer); a pre-swap compare rolls back if someone else changed the slot. RETAIL CHECK (data-verified, read-only scan of <RETAIL> WHGame.dll): rtti:.?AVC_GameOver@playermodule@wh@@ ABSENT from retail."
D-233,WO-113,PlayerModule.dll,string-anchor,Game over is already started | wh::playermodule::C_GameOver::Start,two strings that slot 1's function must reference (own refusal message and __FUNCTION__) before the slot is swapped,none,main,gameover_hook.cpp:16,C,anchor string absent in retail,str absent; str absent; MT control ok,str:Game over is already started|str:wh::playermodule::C_GameOver::Start,"(code-verified) BOTH must be referenced by the function in slot 1 or the guard is NOT installed (fail closed). MT-only risk: the __FUNCTION__ string at least may be stripped in retail (asserted in WO-42 s0, not checked here); the refusal message is a plain log string and likelier to survive. RETAIL CHECK (data-verified, read-only scan of <RETAIL> WHGame.dll): str:Game over is already started ABSENT from retail; str:wh::playermodule::C_GameOver::Start ABSENT from retail."
D-234,WO-113,PlayerModule.dll,vtable-slot,"C_GameOver vtbl slot 1 (Start(self, int id); id = a game_over.xml row: 0-8 deaths, 26 DiedWhileUnconscious, 44 crime execution, 39+ plot failures)",every Game Over enters here; the hook asks the respawn policy to swallow it (death without Game Over) or passes it on,vtable-swap,main,gameover_hook.cpp:18,B,owning class C_GameOver has RTTI in retail; layout/slot must be re-derived from its methods (inferred),rtti absent; MT control ok,via-rtti:.?AVC_GameOver@playermodule@wh@@,"(code-verified) slot index 1 (byte offset 8). Hook runs on whatever thread called Start: the header says 'the game's main thread in every path observed' (an observation recorded in the source comment, not proven by a thread log). The hook logs MP-GAMEOVER lines and calls the respawn policy under SEH. The id values are game_over.xml row ids (game data). RETAIL CHECK (data-verified, read-only scan of <RETAIL> WHGame.dll): via-rtti:.?AVC_GameOver@playermodule@wh@@ ABSENT from retail."
D-235,WO-113,multi,string-anchor,"Warhorse link-graph tags: hangoverSpotsHub, hangoverSpot, hangoverSpot_joke, ignoredHangoverSpot",select the wake-up spots (joke variants and ignored ones removed),none,main,hangover.cpp:18,C,anchor string absent in retail,,none,"(code-verified) 4 tag names matched by strcmp against link tags read from engine memory; GAME DATA (level link graph in the paks), not binary strings, although the ids 0x5D-0x5F are also compared to the engine's tag table."
D-236,WO-113,multi,struct-field,"GameIface+0x168 -> XGenAI iface; its vtbl+0xB8 -> world A, vtbl+0x90 -> land holder; holder vtbl+0x40 -> land; land+0x40 -> node object; object vtbl+0x10 (next) twice -> land node id",reach the loaded level's land node for the hangover spot walk,none,main,hangover.cpp:46,C,"depends on parent ""GetGameIface"" which has no retail anchor",,offset-of:GetGameIface,"(code-verified) 6 constants; +0x168 (48 8B 98 68 01 00 00), vtbl 0xB8 (FF 90 B8 00 00 00) and vtbl 0x90 (FF 92 90 00 00 00) are byte-checked inside the anchor function; holder slot 0x40, land+0x40 and the two 'next' slots 0x10 are NOT byte-checked. Wrong offsets read as 'no land node' and fall back."
D-237,WO-113,multi,vtable-slot,"world A vtbl+0x160 tag table, table vtbl+0x18 tag-by-id, tag ids 0x5D hangoverSpotsHub / 0x5E hangoverSpot / 0x5F hangoverSpot_joke, tag object +0x08 = name char*",cross-check the three link tag names the anchor function uses by id,none,main,hangover.cpp:52,C,"depends on parent ""GetGameIface"" which has no retail anchor",,offset-of:GetGameIface,"(code-verified) 4 constants + 3 tag id immediates, byte-checked: 48 8B 91 60 01 00 00, 4C 8B 41 18, BA 5D/5E/5F 00 00 00. Informational only: matching falls back to the literal names."
D-238,WO-113,multi,vtable-slot,"world A vtbl+0xF8 links holder; holder vtbl+0x50 -> link manager; manager vtbl+0x10 GetLinks(mgr, node, LinkVec*); LinkEntry {u64 ?, u64 wuid, char* tag} stride 0x18; LinkVec {begin,end,cap}",read the Warhorse link graph: land -> hub -> every hangoverSpot link,none,main,hangover.cpp:54,C,"depends on parent ""GetGameIface"" which has no retail anchor",,offset-of:GetGameIface,(code-verified) slot +0xF8 (48 8B 91 F8 00 00 00) byte-checked; holder slot 0x50 and manager slot 0x10 are not. LinkEntry static_assert(0x18) and a 4096-entry sanity bound. The vector buffer is engine-allocated and deliberately leaked (cross-heap free).
D-239,WO-113,multi,vtable-slot,"gEnv+0xA0 entity system (byte-checked 48 8B 88 A0 00 00 00); ents vtbl+0x78 EntityByWuid (FF 50 78); entity vtbl+0x10 node id, vtbl+0x140 world position ptr (48 8B 91 40 01 00 00), vtbl+0x90 name","resolve a link's WUID to its spot entity, read its position and name",none,main,hangover.cpp:57,C,"depends on parent ""GetGameIface"" which has no retail anchor",,offset-of:GetGameIface,"(code-verified) 5 constants; +0xA0, +0x78 and +0x140 byte-checked, +0x10 and +0x90 not. gEnv itself comes from engine.cpp (another agent's file)."
D-240,WO-113,multi,vtable-slot,"world A vtbl+0x50 nav; nav vtbl+0x1C0 agent type (FF 93 C0 01 00 00) and vtbl+0x228 query (FF 93 28 02 00 00); world vtbl+0x10 config; config vtbl+0x100 rangeA (48 8B 91 00 01 00 00) and vtbl+0xF8 rangeB; query vtbl slot 0 = nearest navmesh point (q, pos, rangeA, rangeB, out, null)","snap a spot / a death position to the navmesh, the same query the anchor function makes",none,main,hangover.cpp:62,C,"depends on parent ""GetGameIface"" which has no retail anchor",,offset-of:GetGameIface,"(code-verified) 9 constants; +0x1C0, +0x228 and +0x100 byte-checked; +0x50, config +0x10, +0xF8 and query slot 0 not. Acceptance rule: the returned point must be within 3 m (constant in our code)."
D-241,WO-113,data/other,data,"Barbora.open_world.nextnextgenpunishment.disabledEvents (State node), ports ""State"" (read), ""SetFalse"" (fire), ""SetTrue"" (test fire)",reset the punishment gameplay State after a swallowed execution,none,main,punishment.cpp:15,D,"data/working-directory dependency, not an engine binary anchor",,none,"Quest concept-tree data path (Quests/Final/Barbora/open_world/nextnextgenpunishment.xml); must exist in retail quest data; dot-separated path, first segment = root module name. Retail image probe (data-verified): str ABSENT. (code-verified: read in our source)"
D-242,WO-113,ConceptModule.dll,vtable-slot,"port vtbl[15] via rd(vt, 15*8) called as void(*)(port); vtbl[16] Read(port, Variant*) called as void*(*)(port, variant*)",fire SetFalse / read State,none,main,punishment.cpp:150,B,"depends on parent ""?Trigger@I_Port@conceptmodule@wh@@"" which has a retail route",,offset-of:?Trigger@I_Port@conceptmodule@wh@@,"Fire path accepted only when direction==In, slot!=empty base, and slot body calls C_Node::Execute. Slot indices per concept_read row. (code-verified: read in our source)"
D-243,"WO-113, WO-137",ConceptModule.dll,export,?FindNode@C_ConceptManager@conceptmodule@wh@@,FindNode by export (QEBA non-virtual => implementation),none,main,punishment.cpp:23; wo137.cpp:943,C,"export absent on retail; class RTTI present, name-string absent",,exp:?FindNode@C_ConceptManager@conceptmodule@wh@@,"Production route; concept_read.cpp still uses the RVA. Retail image probe (data-verified): exp: retail WHGame.dll has only 42 exports, none of ours, so the export route is absent. (code-verified: read in our source) [also used in 1 other file(s)]"
D-244,"WO-113, WO-137",ConceptModule.dll,export,?Execute@C_Node@conceptmodule@wh@@,"acceptance test: slot 15 must tail into C_Node::Execute (ConceptModule 0xCC580 on MT 1.5.5: CanTrigger then Execute(owner,{port}))",none,main,punishment.cpp:26; wo137.cpp:951,B,"route via RTTR registration: class RTTI + method-name string ""Execute"" (inferred)",,exp:?Execute@C_Node@conceptmodule@wh@@,"function_calls() E8/E9 scan from slot 15; in a monolith the call may be inlined or cross-referenced differently. Retail image probe (data-verified): exp: retail WHGame.dll has only 42 exports, none of ours, so the export route is absent. (code-verified: read in our source) [also used in 1 other file(s)]"
D-245,WO-113,ConceptModule.dll,export,?Trigger@I_Port@conceptmodule@wh@@ / ?Read@I_Port@conceptmodule@wh@@,empty-base comparands (never called),none,main,punishment.cpp:27,B,"route via RTTR registration: class RTTI + method-name string ""Trigger"" (inferred)",,exp:?Trigger@I_Port@conceptmodule@wh@@|exp:?Read@I_Port@conceptmodule@wh@@,"2 exports. Retail image probe (data-verified): exp: retail WHGame.dll has only 42 exports, none of ours, so the export route is absent; exp: retail WHGame.dll has only 42 exports, none of ours, so the export route is absent. (code-verified: read in our source)"
D-246,WO-113,CrySystem.dll,export,?invoke@?$variant_data_base_policy@_NU?$variant_data_policy_arithmetic@_N@ (prefix; the bool policy function of rttr::variant),recognise that a port Read returned a bool variant,none,main,punishment.cpp:30,C,export absent on retail; no other anchor,,exp:?invoke@?$variant_data_base_policy@_NU?$variant_data_policy_arithmetic@_N@,"Export-name PREFIX match; requires CrySystem.dll to export RTTR internals (MT debug-ish exports). On retail find the bool policy via RTTI instead. Retail image probe (data-verified): exp: retail WHGame.dll has only 42 exports, none of ours, so the export route is absent. (code-verified: read in our source)"
D-247,WO-113,ConceptModule.dll,rtti,.?AVC_ConceptModule@conceptmodule@wh@@,identity check of gi+0x128,none,main,punishment.cpp:33,A,RTTI class and vftable present in retail,"rtti found, 1 vftable; MT control ok",rtti:.?AVC_ConceptModule@conceptmodule@wh@@,vftable compare. Retail image probe (data-verified): rtti present. (code-verified: read in our source)
D-248,WO-113,ConceptModule.dll,rtti,.?AVC_ConceptManager@conceptmodule@wh@@,identity check of module+0x18,none,main,punishment.cpp:34,A,RTTI class and vftable present in retail,"rtti found, 1 vftable; MT control ok",rtti:.?AVC_ConceptManager@conceptmodule@wh@@,vftable compare. Retail image probe (data-verified): rtti present. (code-verified: read in our source)
D-249,WO-113,ConceptModule.dll,struct-field,"gi+0x128 (C_ConceptModule*), module+0x18 (manager), I_Port vtbl slot 15 Trigger / 16 Read, direction In=1","same offsets as concept_read.cpp, re-declared",none,main,punishment.cpp:36,B,"depends on parent ""GetGameIface"" which has no retail anchor; owning class C_ConceptModule, I_Port has RTTI in retail; layout/slot must be re-derived from its methods (inferred)",,offset-of:GetGameIface,5 constants duplicated from concept_read.cpp (two sources of truth). (code-verified: read in our source)
D-250,WO-113,RPGModule.dll,string-anchor,"RTTR member names: HasMeleeWeapon, HasMissileWeapon (CombatSoul); IsBleeding, IsStarving, IsDead, IsUnconscious (Soul)",classification reads through rttr::combat_bool / soul_bool,none,main,respawn.cpp:308,A,"string present, 3 referencing function(s); string found in retail and referenced by exactly one function","str found, 1 fn; str found, 1 fn; str found, 1 fn; str found, 1 fn; str found, 3 fn; MT control ok",str:HasMeleeWeapon|str:HasMissileWeapon|str:IsBleeding|str:IsStarving|str:IsUnconscious,"6 RTTR property/method names resolved by the rttr_abi layer at call time (rttr_abi agent owns the mechanism). Retail image probe (data-verified): str present (1 cop, 1 referencing fn); str present (1 cop, 1 referencing fn); str present (1 cop, 1 referencing fn); str present (1 cop, 1 referencing fn); str present (1 cop, 3 referencing fn). (code-verified: read in our source)"
D-251,WO-113,RPGModule.dll,string-anchor,"rttr::combat_history(player, soul, seconds, &bool) over rttr::for_each_soul/soul_position",hostile scan within 10 m for knockdown vs death classification,none,main,respawn.cpp:329,B,"the code-side literal is not in retail, but a retail string that extends it is ('HasMeleeWeapon'): the anchor needs widening","str found, 1 fn; MT control ok",via-str:HasMeleeWeapon,"Wrapper in rttr_abi; one reason-window per call (3 s recent, 30 s fight). Retail image probe (data-verified): str present (1 cop, 1 referencing fn). (code-verified: read in our source)"
D-252,WO-113,data/other,data,"kcdmp_death_guard 4b43444d-7113-4d67-b1a5-9e2f6d8c0a13 (mod row, shipped in kdcmp.pak as Libs/Tables/rpg/buff__kcdmp.xml); fallback death_protection_cutscene 6f706644-e28a-41a9-9674-5f19dea03bf1","the player guard buff (imm=1, upr=1, class 15, IdExclusive, non-persistent) whose presence makes C_Soul::SetSoulState floor health at 1.0",none,main,respawn.cpp:34,D,"data/working-directory dependency, not an engine binary anchor",,none,Relies on the `buff__<suffix>.xml` table-extension convention and on the stock fallback row GUID existing in retail tables; the mod row is our own data. Retail image probe (data-verified): str ABSENT. (code-verified: read in our source)
D-253,WO-113,RPGModule.dll,string-anchor,"SetSoulState/GetSoulState state names: health, stamina, hunger","restore after respawn (health 1000 clamped, stamina 1000, hunger >= 70)",none,main,respawn.cpp:413,B,"string present, 3 referencing function(s); string/RTTI present but not unique or unreferenced in code","str found, 3 fn; MT control ok",str:hunger,"3 state names via rttr::soul_set_state / soul_state. Retail image probe (data-verified): str present (1 cop, 3 referencing fn). (code-verified: read in our source)"
D-254,WO-113,data/other,data,kcdmp_knockout_guard 4b43444d-7113-4d67-b1a5-9e2f6d8c0a14 (mod); fallback player_immortalityOnly_nonPersistent 89739dbc-fb20-4a28-8b70-986ab9b5f79a; unconscious_nonpersistend f8d60fe4-e2c1-420a-946a-213e1cd09265,knockout mode (non-default test mode `knockmode knockout`): immortal-only guard + the game unconscious buff,none,main,respawn.cpp:52,D,"data/working-directory dependency, not an engine binary anchor",,none,3 GUIDs; only used when g_knockMode == GameKnockout (not shipped default). Retail image probe (data-verified): str ABSENT. (code-verified: read in our source)
D-255,WO-113,PlayerModule.dll,string-anchor,crime_suppressUnconsciousPlayerShenanigans (soul game context name),nobody robs the knocked-out player (knockout test mode only),none,main,respawn.cpp:56,D,"data-carried name: absent from the retail binary as a literal but present in game data (Scripts.pak:AI/npc/basic/switch/interrupt_arrest.xml), which is identical in both builds",str absent; MT control anchor not found in any MT module,str:crime_suppressUnconsciousPlayerShenanigans,Context name used via sctx::set_soul_context (script_context agent owns the mechanism); only reached in GameKnockout mode. Retail image probe (data-verified): str ABSENT. (code-verified: read in our source)
D-256,WO-113,data/other,data,"quest immortality buff GUIDs x9 (player_immortality_nonpersistent 44e1ccc9-9252-48a9-922d-2ae4523c69a3, death_protection_nonpersistent 0f6bc79a-fc67-4aab-a797-4a9d4e4c2dc5, death_protection c7c79394-cd16-4d86-a029-f8a5f6623f9d, player_immortality 98d2764a-bdbf-473f-903a-1209813d2e15, immortality_nonpersistent 730503bf-735a-4f47-baae-c2d84ee77524, player_immortalityOnly_nonPersistent 89739dbc-fb20-4a28-8b70-986ab9b5f79a, immortality 85aca9c5-ec41-400d-a563-53df7b2399e8, immortality_fast_heal_nonpersistent 52e578c8-608f-44e5-b6c0-e79673cfd4a0, immortality_fast_heal 6cf0aa39-e09c-42fa-bf67-10f2d03991b7)","the detector stands down when a quest or scene owns the moment (brawls, battles, duels)",none,main,respawn.cpp:62,D,"data/working-directory dependency, not an engine binary anchor",,none,9 table GUIDs; if a retail patch re-GUIDs a row the detector would fire under a quest immortality. Retail image probe (data-verified): str ABSENT. (code-verified: read in our source)
D-257,WO-113,data/other,data,"clear-on-wake buff GUIDs x7 (test_bleeding b0247507-..., deadly_poison 8544ebca-..., food_poison 04218e40-..., food_poisoning aeef8e78-..., unconscious f8d60fe4-...9264, unconscious_nonpersistend ...9265, unconscious_alcohol 7f0e2530-...)",buffs removed on every respawn / knockdown wake,none,main,respawn.cpp:75,D,"data/working-directory dependency, not an engine binary anchor",,none,7 table GUIDs. Retail image probe (data-verified): str ABSENT. (code-verified: read in our source)
D-258,"WO-113, WO-136",CryEntitySystem.dll,fixed-offset,entity id 0x7777 = local player entity,find the local avatar soul for skirmish removal at death (WO-132),none,main,respawn.cpp:786; wo136.cpp:96,C,no retail evidence,,none,Also used by respawn_actions teleport fallback; reserved Player id. (code-verified: read in our source) [also used in 1 other file(s)]
D-259,WO-113,PlayerModule.dll,fixed-offset,I_GameOver::Start ids: death-shaped 0..8 and 26; execution 44,policy() swallows only those ids; all other Game Over ids pass through unchanged,none,engine-any,respawn.cpp:823,C,no retail evidence,,none,Enum values copied from the engine (id 44 = PunishmentCutscene.AfterPlay execution). policy() runs in the gameover vftable-slot hook on whatever thread the engine starts a Game Over. (code-verified: read in our source)
D-260,WO-113,Shared.dll,struct-field,GameInterface+0x130 -> C_PlayerModule; vtbl[0xA8] GetGameOver -> I_GameOver; I_GameOver vtbl[1] Start(int),TEST command `gameover <id>` only (kcdmp-respawn-test.txt),none,main,respawn.cpp:852,B,owning class RTTI absent in retail; owning class C_PlayerModule has RTTI in retail; layout/slot must be re-derived from its methods (inferred),,offset-of:rtti:.?AVC_GameOver@playermodule@wh@@,Dev-only test path; 1 offset + 2 slots; production path is the gameover_hook slot swap. (code-verified: read in our source)
D-261,WO-113,data/other,data,"add-on-wake cleaner buff GUIDs x3 (remove_injuries 46683e3b-e261-412f-b402-99ee17dda62a, remove_unconsciousness bd22f98a-e61f-4d83-b39c-79d1d85b6b91, remove_all_posions de68e56a-a74c-4447-874b-487b03c3fc6e)",the game own cleaner buffs added on respawn,none,main,respawn.cpp:86,D,"data/working-directory dependency, not an engine binary anchor",,none,"3 table GUIDs; the last is an instant Cpp:Instant buff. Retail image probe (data-verified): str present (1 cop, 0 referencing fn). (code-verified: read in our source)"
D-262,WO-113,data/other,data,"poison buff GUIDs x3 (deadly_poison, food_poison, food_poisoning)",poison on the player at the floor is always a death (classifier),none,main,respawn.cpp:92,D,"data/working-directory dependency, not an engine binary anchor",,none,"3 table GUIDs (subset of the clear-on-wake list). Retail image probe (data-verified): str present (1 cop, 0 referencing fn). (code-verified: read in our source)"
D-263,WO-113,data/other,data,kcdmp-respawn-test.txt in game working directory,opt-in dev test commands re-read each second,none,main,respawn.cpp:925,D,"data/working-directory dependency, not an engine binary anchor",,none,Not an engine dependency except the working directory convention; dev-only. (code-verified: read in our source)
D-264,WO-113,PlayerModule.dll,fixed-offset,hangover::snap_to_ground navmesh snap (grave sunk 0.20 m),ground a grave on navmesh,none,main,respawn_actions.cpp:1024,C,no retail evidence,,none,Cross-reference: hangover.cpp owns the engine call. (code-verified: read in our source)
D-265,WO-113,CryEntitySystem.dll,fixed-offset,"SpawnEntity flags: NO_SAVE 0x8000, CAST_SHADOW 0x2, SPAWNED 0x1000000 (engine.h)",flags for graves/mirror/sentinel,none,main,respawn_actions.cpp:1037,C,no retail evidence,,none,Constants in engine.h (cross-ref the engine.cpp agent). (code-verified: read in our source)
D-266,WO-113,Shared.dll,struct-field,GameInterface+0xF0 (kGiGui),C_GUIModule* inside wh::GameInterface,none,main,respawn_actions.cpp:109,C,"depends on parent ""GetGameIface"" which has no retail anchor",,offset-of:GetGameIface,Used by fader AND UI map; layout of the C_GameInterface object. (code-verified: read in our source)
D-267,WO-113,GUIModule.dll,vtable-slot,C_GUIModule vtbl[0x38] (kGuiGetFader),GetFader() -> C_FaderController*,none,main,respawn_actions.cpp:110,B,owning class RTTI present in retail; layout must be re-derived,,offset-of:rtti:.?AVC_GUIModule@guimodule@wh@@,Slot index in the GUI module vftable; result is verified against the FaderController RTTI. (code-verified: read in our source)
D-268,WO-113,GUIModule.dll,vtable-slot,"C_FaderController vtbl[0x28] IsFadedOut / [0x48] FadeOut(fader*,float bits,std::function*) / [0x58] FadeIn(fader*,float bits)",start/poll/end the black fade,none,main,respawn_actions.cpp:111,B,owning class RTTI present in retail; layout must be re-derived,,offset-of:rtti:.?AVC_FaderController@guimodule@wh@@,"3 slots; FadeOut also consumes an empty std::function (0x40 zero bytes, MSVC layout assumed). (code-verified: read in our source)"
D-269,WO-113,EntityModule.dll,string-anchor,TagPoint (entity class name),world-change sentinel NO_SAVE entity,none,main,respawn_actions.cpp:1169,B,"string present, 6 referencing function(s); string/RTTI present but not unique or unreferenced in code","str found, 6 fn; MT control ok",str:TagPoint,"Relies on NO_SAVE entities being purged by a load (observed). Retail image probe (data-verified): str present (1 cop, 6 referencing fn). (code-verified: read in our source)"
D-270,WO-113,GUIModule.dll,rtti,.?AVC_GUIModule@guimodule@wh@@,"GUI module vftable, identity check of GameInterface+0xF0 object",none,main,respawn_actions.cpp:134,A,RTTI class and vftable present in retail,"rtti found, 3 vftable; MT control ok",rtti:.?AVC_GUIModule@guimodule@wh@@,Fader + map both fail closed without it; find_vftable wants exactly one vftable. Retail image probe (data-verified): rtti present. (code-verified: read in our source)
D-271,WO-113,GUIModule.dll,rtti,.?AVC_FaderController@guimodule@wh@@,"Fader controller vftable, identity check of GUI->GetFader() result",none,main,respawn_actions.cpp:135,A,RTTI class and vftable present in retail,"rtti found, 2 vftable; MT control ok",rtti:.?AVC_FaderController@guimodule@wh@@,Screen fade out/in for respawn; without it respawn just skips the fade. Retail image probe (data-verified): rtti present. (code-verified: read in our source)
D-272,WO-113,GUIModule.dll,rtti,.?AV?$C_BasicFader@VC_FaderController@guimodule@wh@@@guimodule@wh@@,vftable placed in our hand-built C_BasicFader passed to FadeOut/FadeIn,none,main,respawn_actions.cpp:136,A,RTTI class and vftable present in retail,"rtti found, 1 vftable; MT control ok",rtti:.?AV?$C_BasicFader@VC_FaderController@guimodule@wh@@@guimodule@wh@@,We construct a fake fader object around the engine vptr (sizeof 0x20); MSVC template RTTI name must survive. Retail image probe (data-verified): rtti present. (code-verified: read in our source)
D-273,WO-113,XGenAIModule.dll,struct-field,"area core call convention: bool core(void* unused=nullptr, const Vec3* pos, const CryStringT<char>* label) where label = address of the char* pointer","call IsPointInAreaWithLabel core for ""settlement"" / ""crimeDistrict""",none,main,respawn_actions.cpp:1433,C,no retail evidence,str absent; MT control ok,via-str:wh::xgenaimodule::C_ScriptBindXGenAIModule::IsPointInAreaWithLabelWUID,ABI of an unexported function inferred from the scriptbind call site (kCallSite bytes); first parameter unused. Retail image probe (data-verified): str ABSENT. (code-verified: read in our source)
D-274,WO-113,EntityModule.dll,vtable-slot,C_Player vtbl[0xEE0] TeleportToWuid -> tail-jmp C_Player::ExecuteTeleportImpl,the game own blackout-wake teleport to a hangoverSpot WUID,none,main,respawn_actions.cpp:155,B,owning class C_Player has RTTI in retail; layout/slot must be re-derived from its methods (inferred),str absent; MT control ok,via-str:wh::entitymodule::C_Player::ExecuteTeleportImpl,Validated by finding the __FUNCTION__ string function then a jmp/call from the slot body to it. Retail image probe (data-verified): str ABSENT. (code-verified: read in our source)
D-275,WO-113,EntityModule.dll,vtable-slot,"C_Player (C_Actor base) vtbl[0x3B8] ground re-snap(bool,bool)",ray-correct the actor onto the ground (+-1.75 m),none,main,respawn_actions.cpp:156,B,"owning class C_Player, C_Actor has RTTI in retail; layout/slot must be re-derived from its methods (inferred)",str absent; MT control ok,via-str:NPC:Update:CorrectZOffset,Validated by the slot body calling the function holding the profiler string. Retail image probe (data-verified): str ABSENT. (code-verified: read in our source)
D-276,WO-113,EntityModule.dll,vtable-slot,C_Actor vtbl[0x6E0] GetSoul / C_Soul vtbl[0x430] GetInventory,player actor -> soul -> inventory,none,main,respawn_actions.cpp:157,B,owning class RTTI present in retail; layout must be re-derived,,offset-of:rtti:.?AVC_Player@entitymodule@wh@@,"2 slots, each result checked only by the next RTTI is_a; no string anchor for the slots. (code-verified: read in our source)"
D-277,WO-113,EntityModule.dll,export,?GetItemManager@C_EntityModule@entitymodule@wh@@,item manager getter,none,main,respawn_actions.cpp:186,C,"export absent on retail; class RTTI present, name-string absent",,exp:?GetItemManager@C_EntityModule@entitymodule@wh@@,"Same export caveat; grave item move. Retail image probe (data-verified): exp: retail WHGame.dll has only 42 exports, none of ours, so the export route is absent. (code-verified: read in our source)"
D-278,WO-113,EntityModule.dll,rtti,.?AVC_Player@entitymodule@wh@@,player-entity identity check + vftable for slots 0xEE0/0x3B8/0xB88,none,main,respawn_actions.cpp:187,A,RTTI class and vftable present in retail,"rtti found, 5 vftable; MT control ok",rtti:.?AVC_Player@entitymodule@wh@@,"Teleport, ground re-snap and XGen teleport all need the object to match this vftable. Retail image probe (data-verified): rtti present. (code-verified: read in our source)"
D-279,WO-113,EntityModule.dll,string-anchor,wh::entitymodule::C_Player::ExecuteTeleportImpl,locates ExecuteTeleportImpl for validating slot 0xEE0,none,main,respawn_actions.cpp:193,C,anchor string absent in retail,str absent; MT control ok,str:wh::entitymodule::C_Player::ExecuteTeleportImpl,__FUNCTION__-style log string; unique-referencing function required. Retail image probe (data-verified): str ABSENT. (code-verified: read in our source)
D-280,WO-113,EntityModule.dll,string-anchor,NPC:Update:CorrectZOffset,locates CorrectZOffset for validating slot 0x3B8,none,main,respawn_actions.cpp:215,C,anchor string absent in retail,str absent; MT control ok,str:NPC:Update:CorrectZOffset,"Profiler-marker string; retail builds often strip profiler labels, verify. Retail image probe (data-verified): str ABSENT. (code-verified: read in our source)"
D-281,WO-113,EntityModule.dll,struct-field,C_Inventory+0x08/+0x10 present-item vector begin/end (8-byte item pointers),iterate player inventory and guard against changes,none,main,respawn_actions.cpp:225,B,owning class RTTI present in retail; layout must be re-derived,,offset-of:rtti:.?AVC_Inventory@entitymodule@wh@@,"1 group, 2 fields; capped at 2048. (code-verified: read in our source)"
D-282,WO-113,EntityModule.dll,vtable-slot,"C_Inventory vtbl[0x10] TakeItem(item,0,0) / [0x118] PresentCount / [0x128] RemoveAll / [0x178] FindByClass(CryGUID*)","move items into the grave, count, empty, find by class (WO-143)",none,main,respawn_actions.cpp:227,B,owning class RTTI present in retail; layout must be re-derived,,offset-of:rtti:.?AVC_Inventory@entitymodule@wh@@,"4 slots (0x10,0x118,0x128 WO-113; 0x178 WO-143 from C_ScriptBindInventory::FindItem). (code-verified: read in our source)"
D-283,WO-113,EntityModule.dll,vtable-slot,C_ItemManager vtbl[0x48] GetItem(wuid),WUID -> C_Item*,none,main,respawn_actions.cpp:230,B,owning class RTTI present in retail; layout must be re-derived,,offset-of:rtti:.?AVC_ItemManager@entitymodule@wh@@,Single slot. (code-verified: read in our source)
D-284,WO-113,EntityModule.dll,struct-field,"C_Item +0x30 WUID, +0x90 holder, +0x98 borrower",ownership test: holder==player inventory and no borrower,none,main,respawn_actions.cpp:231,B,owning class RTTI present in retail; layout must be re-derived,,offset-of:rtti:.?AVC_Item@entitymodule@wh@@,3 fields. (code-verified: read in our source)
D-285,WO-113,EntityModule.dll,vtable-slot,C_Item vtbl[0x20] GetClass / [0x168] GetFlags / [0x1F8] IsCategory(int) / [0x260] Despawn / [0x08] GetWuidPtr / [0x18] GetClassId,"classify an item (quest, keyring, money) and detach it before moving",none,main,respawn_actions.cpp:234,B,owning class RTTI present in retail; layout must be re-derived,,offset-of:rtti:.?AVC_Item@entitymodule@wh@@,6 slots (0x08/0x18 added by WO-143). (code-verified: read in our source)
D-286,WO-113,EntityModule.dll,vtable-slot,C_ItemClass vtbl[0x20] IsCategory(25 player item) / [0xE8] GetPlayerData(false); PlayerData+0xB0 IsQuestItem byte,table-level quest item marker,none,main,respawn_actions.cpp:238,B,owning class RTTI present in retail; layout must be re-derived,,offset-of:rtti:.?AVC_Item@entitymodule@wh@@,2 slots + 1 field; class object has no RTTI check in our code (unvalidated). (code-verified: read in our source)
D-287,WO-113,EntityModule.dll,fixed-offset,"item runtime flag 0x2 = quest; categories Money=6, Keyring=18, PlayerItem=25; cap 2048",enum values copied from the engine,none,main,respawn_actions.cpp:241,C,no retail evidence,,none,Constants encoding engine enums. (code-verified: read in our source)
D-288,WO-113,EntityModule.dll,rtti,.?AVC_Inventory@entitymodule@wh@@,inventory identity + vftable (slot 0x10 == TakeItem check),none,main,respawn_actions.cpp:282,A,RTTI class and vftable present in retail,"rtti found, 2 vftable; MT control ok",rtti:.?AVC_Inventory@entitymodule@wh@@,Grave item move. Retail image probe (data-verified): rtti present. (code-verified: read in our source)
D-289,WO-113,EntityModule.dll,rtti,.?AVC_Item@entitymodule@wh@@,item identity,none,main,respawn_actions.cpp:283,A,RTTI class and vftable present in retail,"rtti found, 2 vftable; MT control ok",rtti:.?AVC_Item@entitymodule@wh@@,Item vftable check gates every item slot call. Retail image probe (data-verified): rtti present. (code-verified: read in our source)
D-290,WO-113,EntityModule.dll,rtti,.?AVC_ItemManager@entitymodule@wh@@,item manager identity,none,main,respawn_actions.cpp:284,A,RTTI class and vftable present in retail,"rtti found, 1 vftable; MT control ok",rtti:.?AVC_ItemManager@entitymodule@wh@@,Item manager vftable check. Retail image probe (data-verified): rtti present. (code-verified: read in our source)
D-291,WO-113,EntityModule.dll,export,?FindInstance@C_Stash@entitymodule@wh@@,stash lookup by entity id (grave inventory),none,main,respawn_actions.cpp:285,C,"export absent on retail; class RTTI present, name-string absent",,exp:?FindInstance@C_Stash@entitymodule@wh@@,"Exported; see export caveat. Retail image probe (data-verified): exp: retail WHGame.dll has only 42 exports, none of ours, so the export route is absent. (code-verified: read in our source)"
D-292,WO-113,EntityModule.dll,export,?GetInventory@C_Stash@entitymodule@wh@@,stash -> inventory,none,main,respawn_actions.cpp:286,C,"export absent on retail; class RTTI present, name-string absent",,exp:?GetInventory@C_Stash@entitymodule@wh@@,"Exported; see export caveat. Retail image probe (data-verified): exp: retail WHGame.dll has only 42 exports, none of ours, so the export route is absent. (code-verified: read in our source)"
D-293,WO-113,EntityModule.dll,export,?TakeItem@C_ItemHolder@entitymodule@wh@@,compared against C_Inventory vtbl[0x10] (informational log only),none,main,respawn_actions.cpp:287,C,"export absent on retail; class RTTI present, name-string absent",,exp:?TakeItem@C_ItemHolder@entitymodule@wh@@,"Missing export disarms graves entirely even though it is only compared for a log line. Retail image probe (data-verified): exp: retail WHGame.dll has only 42 exports, none of ours, so the export route is absent. (code-verified: read in our source)"
D-294,WO-113,RPGModule.dll,struct-field,GameInterface+0x1B0 -> C_Calendar; C_Calendar+0x68 world ms (u64),read world time in ms,none,main,respawn_actions.cpp:367,B,owning class RTTI present in retail; layout must be re-derived,,offset-of:rtti:.?AVC_Calendar@rpgmodule@wh@@,2 offsets. Docs: REST Calendar attrs are session ms; this field is world ms. (code-verified: read in our source)
D-295,WO-113,RPGModule.dll,rtti,.?AVC_Calendar@rpgmodule@wh@@,calendar identity,none,main,respawn_actions.cpp:376,A,RTTI class and vftable present in retail,"rtti found, 1 vftable; MT control ok",rtti:.?AVC_Calendar@rpgmodule@wh@@,World clock for grave expiry. Retail image probe (data-verified): rtti present. (code-verified: read in our source)
D-296,WO-113,Shared.dll,export,?SetCalendar@C_GameInterface@shared@wh@@QEAAXPEAVC_Calendar@rpgmodule@3@@Z,proves GameInterface+0x1B0 is the calendar slot (bytes 48 89 BB B0 01 00 00 inside),none,main,respawn_actions.cpp:377,C,"export absent on retail; class RTTI absent, name-string absent",,exp:?SetCalendar@C_GameInterface@shared@wh@@QEAAXPEAVC_Calendar@rpgmodule@3@@Z,"Consistency check; retail-monolith export may be absent. Retail image probe (data-verified): exp: retail WHGame.dll has only 42 exports, none of ours, so the export route is absent. (code-verified: read in our source)"
D-297,WO-113,Shared.dll,prologue-bytes,"48 89 BB B0 01 00 00 (mov [rbx+0x1B0],rdi) in SetCalendar",validate gi+0x1B0,none,main,respawn_actions.cpp:378,B,pattern has [9] matches (PGO duplicates); needs a second anchor,pattern matches 9,pat:48 89 BB B0 01 00 00,Byte pattern is compiler-register dependent; will change in retail codegen. Retail image probe (data-verified): pat present (9 hit(s) in retail .text). (code-verified: read in our source)
D-298,WO-113,RPGModule.dll,vtable-slot,"C_Calendar vtbl[0x58] SetWorldTime (refs ""wh::rpgmodule::C_Calendar::SetWorldTime"", bytes 48 8B 73 68 + 48 89 7B 68)",proves world ms lives at calendar+0x68,none,main,respawn_actions.cpp:382,B,owning class C_Calendar has RTTI in retail; layout/slot must be re-derived from its methods (inferred),str absent; MT control ok,str:wh::rpgmodule::C_Calendar::SetWorldTime,"Slot + 2 byte patterns (mov rsi,[rbx+0x68]; mov [rbx+0x68],rdi). Retail image probe (data-verified): str ABSENT. (code-verified: read in our source)"
D-299,WO-113,RPGModule.dll,string-anchor,wh::rpgmodule::C_Calendar::SetWorldTime,SetWorldTime function locator,none,main,respawn_actions.cpp:383,C,anchor string absent in retail,str absent; MT control ok,str:wh::rpgmodule::C_Calendar::SetWorldTime,__FUNCTION__-style string. Retail image probe (data-verified): str ABSENT. (code-verified: read in our source)
D-300,WO-113,GUIModule.dll,struct-field,"C_GUIModule+0x40/+0x48 element vector (16-byte entries); C_UIMap+0x5D0/+0x5D8 marks vector (16-byte shared_ptr); map+0x648 category byte array; mark {+0x00 id|type,+0x08 src,+0x10 raw linkable,+0x18 addcount}","enumerate UI elements, count/dump map marks",none,main,respawn_actions.cpp:406,B,owning class RTTI present in retail; layout must be re-derived,,offset-of:rtti:.?AVC_UIMap@guimodule@wh@@,"4 groups (2+2+1+4 fields); read-only, for logs and the fallback path. (code-verified: read in our source)"
D-301,WO-113,GUIModule.dll,vtable-slot,"C_UIApse vtbl[0x50] GetMap; C_UIMap vtbl[0x50] CreateMark(sp*,type,linkable,source) / [0x58] AddMark(sp*) / [0x60] RemoveMark(sp*)",create/add/remove a map mark on an entity,none,main,respawn_actions.cpp:408,B,owning class RTTI present in retail; layout must be re-derived,,offset-of:rtti:.?AVC_UIMap@guimodule@wh@@,4 slots. Mark types are RPGModule POI enum (Grave 0x2B). RemoveMark is safe for dead entities; a mark left for a destroyed entity crashes the map. (code-verified: read in our source)
D-302,WO-113,Shared.dll,struct-field,GameInterface+0x168 -> XGenAI module; XGen vtbl[0x88] GetGuidService; service vtbl[0x08] GuidToWuid(guid) -> WUID*,entity GUID -> XGenAI WUID (what GetMyWUID does),none,main,respawn_actions.cpp:412,C,"depends on parent ""GetGameIface"" which has no retail anchor",,offset-of:GetGameIface,1 offset + 2 slots; WUID = first u64 of the returned object. (code-verified: read in our source)
D-303,WO-113,XGenAIModule.dll,vtable-slot,AIObjectManager vtbl[0x20] GetByWuid(const u64*),WUID -> C_AIObject*,none,main,respawn_actions.cpp:415,C,"parent ""exp:?AIObjectManager@C_AISingletons@xgenaimodule@w"" unresolved",,offset-of:exp:?AIObjectManager@C_AISingletons@xgenaimodule@wh@@,Single slot. (code-verified: read in our source)
D-304,WO-113,GUIModule.dll,fixed-offset,"map mark type enum (RPGModule MapMarkTypes POI): 0 Checkpoint, 1-3 Main/Side/Micro quest, 0x2B Grave (used), 0x2D ConcCross, 0x30 GeneralPoi; mark source id 2; category byte map+0x648+type must be set for the map to draw it",type and source arguments of C_UIMap CreateMark for the grave icon,none,main,respawn_actions.cpp:421,B,owning class RTTI present in retail; layout must be re-derived,,offset-of:rtti:.?AVC_UIMap@guimodule@wh@@,Enum values copied from GUIModule own switch (0x24200 on MT) per code comment; retail enum could be renumbered. (code-verified: read in our source)
D-305,WO-113,GUIModule.dll,rtti,.?AVC_UIApse@guimodule@wh@@,the APSE UI object that owns the map,none,main,respawn_actions.cpp:548,A,RTTI class and vftable present in retail,"rtti found, 4 vftable; MT control ok",rtti:.?AVC_UIApse@guimodule@wh@@,Fallback route finds it by scanning the GUI element vector. Retail image probe (data-verified): rtti present. (code-verified: read in our source)
D-306,WO-113,GUIModule.dll,rtti,.?AVC_UIMap@guimodule@wh@@,map object identity,none,main,respawn_actions.cpp:549,A,RTTI class and vftable present in retail,"rtti found, 4 vftable; MT control ok",rtti:.?AVC_UIMap@guimodule@wh@@,Grave map markers. Retail image probe (data-verified): rtti present. (code-verified: read in our source)
D-307,WO-113,GUIModule.dll,string-anchor,no marker object on input,finds C_ShowMapMarker execute to lift the Apse getter,none,main,respawn_actions.cpp:552,C,anchor string absent in retail,str absent; MT control ok,str:no marker object on input,A quest-node error string. Retail image probe (data-verified): str ABSENT. (code-verified: read in our source)
D-308,WO-113,GUIModule.dll,prologue-bytes,"48 8B 88 F0 00 00 00 (mov rcx,[rax+0xF0]) then E8 rel32 in C_ShowMapMarker::execute",lift the C_GUIModule->Apse getter function address,none,main,respawn_actions.cpp:553,C,pattern has 0 matches in retail,pattern matches 0,pat:48 8B 88 F0 00 00 00 E8,Pattern shows mov immediately followed by call (function_find_sequence window=1). Retail image probe (data-verified): pat ABSENT (0 hit(s) in retail .text). (code-verified: read in our source)
D-309,WO-113,XGenAIModule.dll,export,?AIObjectManager@C_AISingletons@xgenaimodule@wh@@,AI object manager getter,none,main,respawn_actions.cpp:559,C,"export absent on retail; class RTTI absent, name-string absent",,exp:?AIObjectManager@C_AISingletons@xgenaimodule@wh@@,"Lookup by WUID -> C_AIObject. Retail image probe (data-verified): exp: retail WHGame.dll has only 42 exports, none of ours, so the export route is absent. (code-verified: read in our source)"
D-310,WO-113,XGenAIModule.dll,export,??$ai_cast_impl@PEAVC_LinkableObject@xgenaimodule@wh@@PEAVC_AIObject@23@@ai_cast_private@xgenaimodule@wh@@,C_AIObject -> C_LinkableObject cast (map marks need a linkable),none,main,respawn_actions.cpp:560,C,export absent on retail; no other anchor,,exp:??$ai_cast_impl@PEAVC_LinkableObject@xgenaimodule@wh@@PEAVC_AIObject@23@@ai_cast_private@xgenaimodule@wh@@,"Template instantiation export; may be inlined away on retail. Retail image probe (data-verified): exp: retail WHGame.dll has only 42 exports, none of ours, so the export route is absent. (code-verified: read in our source)"
D-311,WO-113,EntityModule.dll,string-anchor,StashCorpse (entity class name passed to SpawnEntity),grave = runtime StashCorpse entity,none,main,respawn_actions.cpp:572,B,"string present, 2 referencing function(s); string/RTTI present but not unique or unreferenced in code","str found, 2 fn; MT control ok",str:StashCorpse,"Entity CLASS name in data; must exist in the retail entity class table. Retail image probe (data-verified): str present (1 cop, 2 referencing fn). (code-verified: read in our source)"
D-312,WO-113,CryEntitySystem.dll,string-anchor,Objects/manmade/structures/theological/conciliation_crosses/conciliation_cross_d.cgf,"gravestone geometry (slot 1 on StashCorpse, slot 0 on mirror)",none,main,respawn_actions.cpp:582,C,anchor string absent in retail [inconclusive: the recorded anchor also fails on the Modding Tools control],str absent; MT control anchor not found in any MT module,str:conciliation_cross_d.cgf,"Game-data asset path (pak), not code; must exist in retail data. Retail image probe (data-verified): str ABSENT. (code-verified: read in our source)"
D-313,WO-113,EntityModule.dll,string-anchor,SmartObjectHolder (entity class name),peer gravestone mirror that gets a WUID + AI linkable but no inventory,none,main,respawn_actions.cpp:592,D,"data-carried name: absent from the retail binary as a literal but present in game data (Scripts.pak:Scripts/Entities/WH/Bed/StanceSmartObject.lua), which is identical in both builds",str absent; MT control anchor not found in any MT module,str:SmartObjectHolder,Class choice verified live (classprobe) against TagPoint etc. which get neither. Retail image probe (data-verified): str ABSENT. (code-verified: read in our source)
D-314,WO-113,RPGModule.dll,struct-field,GameInterface+0x138 -> C_RPGModule; RPG vtbl[0xB0] GetRPGUtils -> C_RPGUtils; Utils vtbl[0x1E8] ReconcileWithPublicFriends(),call the game reconcile after a completed punishment,none,main,respawn_actions.cpp:685,B,owning class RTTI present in retail; layout must be re-derived,,offset-of:rtti:.?AVC_RPGUtils@rpgmodule@wh@@,1 offset + 2 slots. gi+0x138 also used by heal_bleeding (then slot 0xD8). (code-verified: read in our source)
D-315,WO-113,RPGModule.dll,rtti,.?AVC_RPGUtils@rpgmodule@wh@@,RPG utils identity,none,main,respawn_actions.cpp:707,A,RTTI class and vftable present in retail,"rtti found, 1 vftable; MT control ok",rtti:.?AVC_RPGUtils@rpgmodule@wh@@,Execution respawn reconcile. Retail image probe (data-verified): rtti present. (code-verified: read in our source)
D-316,WO-113,RPGModule.dll,prologue-bytes,FF 15 ?? ?? ?? ?? 48 8B 88 38 01 00 00 48 8B 01 FF 90 B0 00 00 00 48 8B 08 48 8B 91 E8 01 00 00 (32-byte masked body of the RTTR global ReconcileWithPublicFriends),prove gi+0x138 -> vtbl[0xB0] -> vtbl[0x1E8] chain,none,main,respawn_actions.cpp:708,C,pattern has 0 matches in retail,pattern matches 0,pat:FF 15 ?? ?? ?? ?? 48 8B 88 38 01 00 00 48 8B 01 FF 90 B0 00 00 00 48 8B 08 48 8B 91 E8 01 00 00,"Linear masked scan over whole .text; FF 15 is an import-thunk call (split-module import), which a monolith compiles differently. Retail image probe (data-verified): pat ABSENT (0 hit(s) in retail .text). (code-verified: read in our source)"
D-317,WO-113,RPGModule.dll,string-anchor,wh::rpgmodule::ReconcileWithPublicFriends,RTTR-registered global name (existence check),none,main,respawn_actions.cpp:712,A,string found in retail and referenced by exactly one function,"str found, 1 fn; MT control ok",str:wh::rpgmodule::ReconcileWithPublicFriends,"Name string of the RTTR global. Retail image probe (data-verified): str present (1 cop, 1 referencing fn). (code-verified: read in our source)"
D-318,WO-113,XGenAIModule.dll,string-anchor,wh::xgenaimodule::C_ScriptBindXGenAIModule::IsPointInAreaWithLabelWUID,scriptbind whose call site yields the area-label core function,none,main,respawn_actions.cpp:729,C,anchor string absent in retail,str absent; MT control ok,str:wh::xgenaimodule::C_ScriptBindXGenAIModule::IsPointInAreaWithLabelWUID,Anchor for the IsPointInAreaWithLabel core. Retail image probe (data-verified): str ABSENT. (code-verified: read in our source)
D-319,WO-113,XGenAIModule.dll,prologue-bytes,48 8B CE FF 50 50 48 8B D0 4C 8D 45 D0 E8 (call site) -> rel32 = core,"lift the unexported core(void*,Vec3*,CryString*)",none,main,respawn_actions.cpp:730,C,pattern has 0 matches in retail,pattern matches 0,pat:48 8B CE FF 50 50 48 8B D0 4C 8D 45 D0 E8,Byte pattern of a call site inside the scriptbind; very codegen specific. Retail image probe (data-verified): pat ABSENT (0 hit(s) in retail .text). (code-verified: read in our source)
D-320,WO-113,XGenAIModule.dll,prologue-bytes,48 89 5C 24 08 48 89 74 24 18 57 48 81 EC A0 00 00 00 (core prologue),validate the lifted core function,none,main,respawn_actions.cpp:734,C,pattern has 0 matches in retail,pattern matches 0,pat:48 89 5C 24 08 48 89 74 24 18 57 48 81 EC A0 00 00 00,"memcmp at the lifted address; core(nullptr,pos,&charptr) with labels ""settlement"" and ""crimeDistrict"". Retail image probe (data-verified): pat ABSENT (0 hit(s) in retail .text). (code-verified: read in our source)"
D-321,WO-113,XGenAIModule.dll,string-anchor,settlement / crimeDistrict (area labels),passed as CryStringT label to the area test,none,main,respawn_actions.cpp:741,A,string found in retail and referenced by exactly one function,"str found, 1 fn; MT control ok",str:crimeDistrict,"Labels from game area data. Retail image probe (data-verified): str present (1 cop, 1 referencing fn). (code-verified: read in our source)"
D-322,WO-113,RPGModule.dll,vtable-slot,"RPGModule vtbl[0xD8] EffectRunner; runner vtbl[0x08]/[0x00]; effect vtbl[0x20]; HealBleeding(0.5f,effect,wuid,part 1..6,&amount 32768)",the game full-heal bleeding recipe (amount 1.0 = 32768 fixed point),none,main,respawn_actions.cpp:756,C,no retail evidence,str absent; MT control ok,via-str:wh::rpgmodule::C_ScriptBindSoul::HealBleeding,4 slots + fixed point constant; soul WUID read at C_Soul+0x40. Retail image probe (data-verified): str ABSENT. (code-verified: read in our source)
D-323,WO-113,RPGModule.dll,string-anchor,wh::rpgmodule::C_ScriptBindSoul::HealBleeding,scriptbind whose body yields the effect create/configure helpers,none,main,respawn_actions.cpp:764,C,anchor string absent in retail,str absent; MT control ok,str:wh::rpgmodule::C_ScriptBindSoul::HealBleeding,__FUNCTION__-style string. Retail image probe (data-verified): str ABSENT. (code-verified: read in our source)
D-324,WO-113,RPGModule.dll,prologue-bytes,call sites: A=48 8B 4B 40 4C 8D 44 24 30 48 8D 54 24 38 48 89 4C 24 30 E8 ; B=48 8D 44 24 30 48 89 44 24 20 E8 ; runner FF 90 D8 00 00 00,lift unexported effect-create and effect-HealBleeding-configure functions,none,main,respawn_actions.cpp:765,C,pattern has 0 matches in retail,pattern matches 0/20,pat:48 8B 4B 40 4C 8D 44 24 30 48 8D 54 24 38 48 89 4C 24 30 E8|pat:48 8D 44 24 30 48 89 44 24 20 E8,2 lifted call targets + 1 slot check. Heavily codegen dependent. Retail image probe (data-verified): pat ABSENT (0 hit(s) in retail .text); pat present (20 hit(s) in retail .text). (code-verified: read in our source)
D-325,WO-113,Shared.dll,struct-field,GameInterface+0x58 -> C_GameEventLog,event log pointer,none,main,respawn_actions.cpp:789,C,"depends on parent ""GetGameIface"" which has no retail anchor",,offset-of:GetGameIface,1 offset; event object is 0x40 bytes on our stack. (code-verified: read in our source)
D-326,WO-113,Framework.dll,export,??0C_TextEvent@framework@wh@@QEAA@IIW4E_GameEventLevel@12@AEBV?$CryStringT@D@@@Z,"HUD game log text event ctor (args 0x20,1,2,&str)",none,main,respawn_actions.cpp:795,C,export absent on retail; no other anchor,,exp:??0C_TextEvent@framework@wh@@QEAA@IIW4E_GameEventLevel@12@AEBV?$CryStringT@D@@@Z,"Matches what Lua Game.LogGameEvent does. Retail image probe (data-verified): exp: retail WHGame.dll has only 42 exports, none of ours, so the export route is absent. (code-verified: read in our source)"
D-327,WO-113,Framework.dll,export,?Log@C_GameEventLog@framework@wh@@QEAAXAEBVI_GameEvent@23@@Z,C_GameEventLog::Log,none,main,respawn_actions.cpp:796,C,"export absent on retail; class RTTI absent, name-string present",,exp:?Log@C_GameEventLog@framework@wh@@QEAAXAEBVI_GameEvent@23@@Z,"Same export caveat. Retail image probe (data-verified): exp: retail WHGame.dll has only 42 exports, none of ours, so the export route is absent. (code-verified: read in our source)"
D-328,WO-113,GUIModule.dll,struct-field,"C_BasicFader {vptr,ctrl,name,describer} sizeof 0x20 + CryStringT header at data-12 {ref,len,cap}",hand-built fader argument and a never-freed CryStringT name (ref=0x40000000),none,main,respawn_actions.cpp:86,B,owning class RTTI present in retail; layout must be re-derived,,offset-of:rtti:.?AV?$C_BasicFader@VC_FaderController@guimodule@wh@@@guimodule@wh@@,"2 layout facts: C_BasicFader is 0x20 (static_assert) and CryStringT char header is {refcount,len,cap} at data-12. (code-verified: read in our source)"
D-329,WO-113,EntityModule.dll,vtable-slot,"C_Player vtbl[0xB88] -> XGen object; XGenObject vtbl[0x3A8] Teleport(const QuatT*,bool)",XGenAI actor teleport with physics reset (respawn teleport fallback),none,main,respawn_actions.cpp:896,B,owning class RTTI present in retail; layout must be re-derived,,offset-of:rtti:.?AVC_Player@entitymodule@wh@@,2 slots; second validated only by its pointer lying inside XGenAIModule .text. On retail the monolith has no module boundary so that check degenerates. (code-verified: read in our source)
D-330,WO-113,XGenAIModule.dll,struct-field,"QuatT {float q[4] (0,0,0,1); float t[3]} passed by pointer with bool false to XGen object vtbl[0x3A8] Teleport",orientation+position argument layout of the XGenAI actor teleport,none,main,respawn_actions.cpp:906,B,owning class RTTI present in retail; layout must be re-derived,,offset-of:rtti:.?AVC_Player@entitymodule@wh@@,"1 layout fact (28-byte QuatT, identity rotation). (code-verified: read in our source)"
D-331,WO-113,CryEntitySystem.dll,fixed-offset,entity id 0x7777,the player entity fixed id used by the goto-shape SetPos fallback,none,main,respawn_actions.cpp:915,C,no retail evidence,,none,Reserved entity id for Player classes (code comment); teleport last resort. (code-verified: read in our source)
D-332,WO-113,RPGModule.dll,struct-field,C_Soul+0x40 WUID (heal_bleeding); C_Soul vtbl[0] returns this+0x40,soul id,none,main,respawn_actions.cpp:931,B,"depends on parent ""HealBleeding"" which has no retail anchor; owning class C_Soul has RTTI in retail; layout/slot must be re-derived from its methods (inferred)",,offset-of:HealBleeding,1 field; also the StopFight Souls element convention. (code-verified: read in our source)
D-333,WO-113,CrySystem.dll,string-anchor,wh_rpg_ExcludePlayerFromTargeting (int CVar),hold at 1 during knockdown wake,none,main,respawn_actions.cpp:967,A,string found in retail and referenced by exactly one function,"str found, 1 fn; MT control ok",str:wh_rpg_ExcludePlayerFromTargeting,"Console variable; if stripped on retail the knockdown wake loses targeting protection. Retail image probe (data-verified): str present (1 cop, 1 referencing fn). (code-verified: read in our source)"
D-334,WO-113,CrySystem.dll,string-anchor,wh_rpg_DisablePlayerFallDamage (int CVar),hold at 1 while the wake teleport lands,none,main,respawn_actions.cpp:968,D,"data-carried name: absent from the retail binary as a literal but present in game data (Scripts.pak:Scripts/FeatureTests/gameTestJ.xml), which is identical in both builds",str absent; MT control ok,str:wh_rpg_DisablePlayerFallDamage,Console variable. Retail image probe (data-verified): str ABSENT. (code-verified: read in our source)
D-335,WO-113,RPGModule.dll,string-anchor,"wh::rpgmodule::SoulState enumerator name ""stamina""",enumeration::name_to_value(name) -> uint64 word used as GetState/SetState argument,none,main,rttr_abi.cpp:2438,A,"string present, 5 referencing function(s); string found in retail and referenced by exactly one function","str found, 5 fn; str found, 1 fn; MT control ok",via-str:stamina|str:wh::rpgmodule::SoulState,"(data-verified) string present once, NUL-delimited, in retail .rdata; enumerator registration itself not checked. Value word is copied out of variant.data[0..7]."
D-336,WO-113,RPGModule.dll,string-anchor,"wh::rpgmodule::SoulState enumerator name ""hunger""",enumeration::name_to_value(name) -> uint64 word used as GetState/SetState argument,none,main,rttr_abi.cpp:2438,A,"string present, 3 referencing function(s); string found in retail and referenced by exactly one function","str found, 3 fn; str found, 1 fn; MT control ok",via-str:hunger|str:wh::rpgmodule::SoulState,"(data-verified) string present once, NUL-delimited, in retail .rdata; enumerator registration itself not checked. Value word is copied out of variant.data[0..7]."
D-337,WO-113,RPGModule.dll,string-anchor,"wh::rpgmodule::SoulState enumerator name ""exhaust""",enumeration::name_to_value(name) -> uint64 word used as GetState/SetState argument,none,main,rttr_abi.cpp:2438,A,"string present, 3 referencing function(s); string found in retail and referenced by exactly one function","str found, 3 fn; str found, 1 fn; MT control ok",via-str:exhaust|str:wh::rpgmodule::SoulState,"(data-verified) string present once, NUL-delimited, in retail .rdata; enumerator registration itself not checked. Value word is copied out of variant.data[0..7]."
D-338,WO-113,CrySystem.dll,struct-field,rttr_probe.cpp module_exports(): exports containing '@rttr@@' counted,log count of rttr-exported symbols,none,worker,rttr_probe.cpp:118,C,no retail evidence,,none,MT-only: relies on CrySystem.dll named-export table.
D-339,WO-113,CrySystem.dll,export,"rttr_probe.cpp kWanted prefixes: ?get_by_name@type@rttr@@, ?get_method@type@rttr@@, ?get_property@type@rttr@@, ?get_property_value@type@rttr@@, ?set_property_value@type@rttr@@, ?get_types@type@rttr@@, ?is_valid@type@rttr@@, ?invoke@method@rttr@@, ?invoke_variadic@method@rttr@@, ?get_name@method@rttr@@, ?get_signature@method@rttr@@, ?is_valid@method@rttr@@, ?get_value@property@rttr@@, ?set_value@property@rttr@@, ?is_valid@property@rttr@@","milestone-1 probe: report which rttr exports resolve (logging only, calls nothing)",none,worker,rttr_probe.cpp:78,C,export absent on retail; no other anchor,,exp:?set_property_value@type@rttr@@|exp:?get_types@type@rttr@@|exp:?get_value@property@rttr@@|exp:?set_value@property@rttr@@|exp:?invoke_variadic@method@rttr@@,"15 prefixes; 5 of them (set_property_value, get_types, invoke_variadic, get_value, set_value) are probed only here. GetModuleHandle(""CrySystem.dll"") - MT-only; own code comment says retail is monolithic and exports nothing."
D-340,WO-118,CryEntitySystem.dll,vtable-slot,IEntity vtbl+0xD8 GetParent (m_hierarchy+0x98 -> pParent+0x18),refuse or skip bodies parented to another entity (local != world coordinates),none,main,npc_drive.cpp:47,B,vtable found; slot 27 function does not match the code-side byte checks,"rtti found, 1 vftable; pattern matches 97/200; slot 27 checks [None, None]; MT control ok",via-rtti:.?AVCEntity@@|pat:48 8B 83 98 00 00 00|pat:48 8B 40 18,Validated by two byte patterns inside the slot's function at install; absent -> DISARMED. Returns IEntity* (null = unparented). Retail WHGame.dll/KingdomCome.exe scan (data-verified): via-rtti 1 hit; pat 97 hits; pat 215 hits (a raw byte pattern with several hits does not identify the function alone).
D-341,WO-118,CryEntitySystem.dll,vtable-slot,"IEntity vtbl+0x160 GetScale (lea rax,[this+0x4C])",read the entity scale (3 floats at entity+0x4C) so the pose write does not reset it,none,main,npc_drive.cpp:48,B,vtable found; slot 44 function does not match the code-side byte checks,"rtti found, 1 vftable; pattern matches 5; slot 44 checks [None]; MT control ok",via-rtti:.?AVCEntity@@|pat:48 8D 43 4C,Validated by pattern 48 8D 43 4C; returns const Vec3*. Absent -> DISARMED. Retail WHGame.dll/KingdomCome.exe scan (data-verified): via-rtti 1 hit; pat 5 hits (a raw byte pattern with several hits does not identify the function alone).
D-342,WO-118,CryEntitySystem.dll,vtable-slot,"IEntity vtbl+0x168 SetPosRotScale(pos*, rot*, scale*, uint32 flags=0)",the per-frame entity write of every bound puppet (teleports render + character + proxy),none,main,npc_drive.cpp:49,B,vtable found; slot 45 function does not match the code-side byte checks,"rtti found, 1 vftable; pattern matches 5/1/34; slot 45 checks [False, False, False]; MT control ok",via-rtti:.?AVCEntity@@|pat:41 F6 C3 20|pat:41 0F BA E3 0D|pat:0F 11 47 3C,Three patterns must all appear in the slot's function (flags tests at +0x30/+0x3C/+0x4C compare). Flags arg passed as 0. An identical write is free (engine early-out). Retail WHGame.dll/KingdomCome.exe scan (data-verified): via-rtti 1 hit; pat 5 hits; pat 1 hit; pat 34 hits (a raw byte pattern with several hits does not identify the function alone).
D-343,WO-118,CryEntitySystem.dll,vtable-slot,"IEntity vtbl+0x278 GetPhysics (GetProxy(1)->vtbl[0xB0](), rope proxy 12 fallback)","get the body's IPhysicalEntity for the living-entity write and for every physics read (status, dynamics, flying)",none,main,npc_drive.cpp:50,A,same vtable slot in retail passes the same structural byte checks,"rtti found, 1 vftable; pattern matches 200/37/200; slot 79 checks [True, True, True]; MT control ok",via-rtti:.?AVCEntity@@|pat:BA 01 00 00 00|pat:FF 92 B0 00 00 00|pat:BA 0C 00 00 00,"Patterns encode proxy type ids 1 (physics) and 12 (rope) and the proxy vtbl slot 0xB0; used by npc_drive, leash and physics_status. Absent -> DISARMED. Retail WHGame.dll/KingdomCome.exe scan (data-verified): via-rtti 1 hit; pat 20407 hits; pat 37 hits; pat 279 hits (a raw byte pattern with several hits does not identify the function alone)."
D-344,WO-118,CryPhysics.dll,vtable-slot,"CLivingEntity vtbl+0x20 SetParams(pe_params*, int bThreadSafe=0)",move the living physics body and keep its ground collider (bRecalcBounds=0x21),none,main,npc_drive.cpp:51,A,same vtable slot in retail passes the same structural byte checks,"rtti found, 1 vftable; pattern matches 1; slot 4 checks [True]; MT control ok",via-rtti:.?AVCLivingEntity@@|pat:F6 46 3C 20,"Validated by the bRecalcBounds(+0x3C)&0x20 test. WITHOUT bit 32 a >1 cm living move releases the ground collider (NPC sinks/flies, WO-105 s4.4). bThreadSafe is passed 0 (main thread only). Retail WHGame.dll/KingdomCome.exe scan (data-verified): via-rtti 1 hit; pat 1 hit."
D-345,WO-118,CryPhysics.dll,vtable-slot,IPhysicalEntity vtbl+0x30 GetStatus(pe_status*),read pe_status_living (bFlying) and pe_status_awake,none,main,npc_drive.cpp:53,B,class vtable present in retail; slot number/meaning must be re-verified,"rtti found, 1 vftable; MT control ok",via-rtti:.?AVCLivingEntity@@,"Slot number taken from the engine interface order; NOT byte-validated at install (only via is_a(phys, CLivingEntity)). Reads only. Retail WHGame.dll/KingdomCome.exe scan (data-verified): via-rtti 1 hit."
D-346,WO-118,CryEntitySystem.dll,struct-field,"CEntity worldTM: translation x @+0x64, y @+0x74, z @+0x84; yaw from m00 @+0x58 and m10 @+0x68","read a body's world position/yaw every frame (MP-NPCPULL, blend start, hit_check)",none,main,npc_drive.cpp:54,B,"depends on parent ""CEntity"" which has a retail route",,offset-of:CEntity,5 fields; same matrix as npc_scan.cpp:14 (WO-102 S1.2). Matrix layout 3x4 row-major with 4-float rows (+0x10 stride).
D-347,WO-118,CryPhysics.dll,struct-field,"pe_params_pos: type=0 @+0x00, pos @+0x04, q(x,y,z,w) @+0x10, scale @+0x20 (unused marker 0xFFBFFFFF), iSimClass @+0x38 (unused marker 0x80000000), bRecalcBounds @+0x3C = 0x21",build the params block for CLivingEntity::SetParams,none,main,npc_drive.cpp:56,B,"parent ""CLivingEntity::SetParams"" unresolved; owning class CLivingEntity has RTTI in retail; layout/slot must be re-derived from its methods (inferred)",,offset-of:CLivingEntity::SetParams,"8 fields + 2 unused-markers; read out of CPhysicalEntity::SetParams (docs). bit 1 = recalc bounds, bit 32 = no real-move response. Quat memory order x,y,z,w."
D-348,WO-118,CryPhysics.dll,struct-field,"pe_status_living: type=2 @+0x00, bFlying int @+0x04, vel Vec3 @+0x18; pe_status_awake type=7","read flying flag (written-frame sampler) and |vel| (leash recorder), and the awake flag",none,main,npc_drive.cpp:57,C,"parent ""IPhysicalEntity::GetStatus"" unresolved",,offset-of:IPhysicalEntity::GetStatus,"3 fields + 2 type ids (pe_status type ids 2 and 7); values sanity-gated (bFlying must be 0/1, vel finite)."
D-349,WO-118,CryEntitySystem.dll,rtti,.?AVCEntity@@,"vftable identity of every entity (is_a gate on each write, bind and frame) and the base for the IEntity slots below",none,main,npc_drive.cpp:673,A,RTTI class and vftable present in retail,"rtti found, 1 vftable; MT control ok",rtti:.?AVCEntity@@,Not unique -> whole native writer DISARMED (Lua keeps writing); install runs on main via run_sync in dllmain plugin_main; retail class may be namespaced/renamed. Retail WHGame.dll/KingdomCome.exe scan (data-verified): rtti 1 hit.
D-350,WO-118,CryPhysics.dll,rtti,.?AVCLivingEntity@@,vftable identity of the CryPhysics living entity (puppets must be CLivingEntity; ragdoll check every 0.5 s),none,main,npc_drive.cpp:674,A,RTTI class and vftable present in retail,"rtti found, 1 vftable; MT control ok",rtti:.?AVCLivingEntity@@,"Missing -> writer DISARMED; a body whose physics vftable differs is refused not-living (horses/animals excepted, WO-144). Retail WHGame.dll/KingdomCome.exe scan (data-verified): rtti 1 hit."
D-351,WO-118,CrySystem.dll,string-anchor,"CSystem::Render (the profiler label: the one function that references it, via anchor::function_by_string)",find CSystem::Render for the render-side position sample (mp_npc_trace),detour,engine-any,npc_trace.cpp:116,B,"string present and uniquely referenced, but preceded by padding: our NUL-before rule in find_cstring would miss it","str found, 1 fn; MT control ok",str:CSystem::Render,"(data-verified) retail has the string once in .rdata but preceded by 0xFB padding not NUL, so anchor::find_cstring (needs NUL/section-start before) misses it, and two distinct functions reference it (WHGame RVA 0x43E464 and 0x21EAF4E) so the 'exactly one function' rule fails. Debug tooling only; fails closed to hook-columns-only."
D-352,WO-118,CrySystem.dll,prologue-bytes,"40 56 41 56 48 81 EC D8 00 00 00 48 8B F1 (push rsi; push r14; sub rsp,0xD8; mov rsi,rcx), 14 bytes, no RIP-relative operand",exact-prologue gate before patching CSystem::Render entry,detour,engine-any,npc_trace.cpp:25,C,pattern has 0 matches in retail,pattern matches 0,pat:40 56 41 56 48 81 EC D8 00 00 00 48 8B F1,(data-verified) the retail function at RVA 0x43E464 starts 48 8B C4 48 89 58 08 48 89 70 10 48 89 78 18 55 - differs; hook would refuse on retail.
D-353,WO-121,multi,prologue-bytes,"E8 / E9 rel32 scan inside every .pdata fragment of a function, keeping targets that are primary function starts",function_calls / function_call_targets (structural checks used by other modules' anchors),none,main,anchors.cpp:134,B,"pattern has [200, 200] matches (PGO duplicates); needs a second anchor",pattern matches 200/200,pat:E8 ?? ?? ?? ??|pat:E9 ?? ?? ?? ??,Finds only direct calls; retail PGO may route calls through jump tables or fold/thunk them (inferred).
D-354,WO-121,RPGModule.dll,struct-field,"S_CombatHitData: +0x00 attacker WUID, +0x08 attacker entity id, +0x10 victim WUID, +0x18 victim entity id, +0x4C material; object 0x90 bytes (dumped +0x20..+0x90)",identify attacker / victim of each hit at the chokepoint and the hit's material,none,engine-any,hits.cpp:150,B,"parent ""C_CombatSoul hit slot"" unresolved; owning class C_CombatSoul has RTTI in retail; layout/slot must be re-derived from its methods (inferred)",,offset-of:C_CombatSoul hit slot,(code-verified) 5 fields read with SEH guard in the hook (read_hit) plus size 0x90 from 0x70ce00's copy; +0x40 hit position is documented in hits.h but not read. apply_attributed builds a 0x90-byte zeroed hit struct with only +0x00 and +0x10 filled.
D-355,WO-121,RPGModule.dll,vtable-slot,C_CombatSoul vtbl+0x150 (CombatHit / melee chokepoint; RPGModule 0x70ce00 per docs),"every melee hit passes here, called on the ATTACKER's combat soul with S_CombatHitData; hooked to measure and put back hits on a peer's avatar",vtable-swap,engine-any,hits.cpp:28,B,class vtable present in retail; slot number/meaning must be re-verified,"rtti found, 1 vftable; MT control ok",via-rtti:.?AVC_CombatSoul@rpgmodule@wh@@,"(code-verified) slot swapped with InterlockedExchangePointer after VirtualProtect (patch_slot, hits.cpp:223); install is refused unless slot 0x150 CALLS the combat-history writer (structural check) which slot 0x158 does not. Thread that calls the slot: unknown (our code treats it as any thread and only queues to main; WO-119 observed the NPC brain's hit events arrive from XGenAI worker threads through a DIFFERENT function RPGModule 0x70c8c9). OFF-MAIN risk: hit_common calls rttr::soul_state reads and rttr::read_player_soul on the hooked thread. RETAIL CHECK (data-verified, read-only scan of <RETAIL> WHGame.dll): via-rtti:.?AVC_CombatSoul@rpgmodule@wh@@ present in retail."
D-356,WO-121,RPGModule.dll,vtable-slot,C_CombatSoul vtbl+0x158 (MissileHit),missile twin of the melee hit slot,vtable-swap,engine-any,hits.cpp:29,B,class vtable present in retail; slot number/meaning must be re-verified,"rtti found, 1 vftable; MT control ok",via-rtti:.?AVC_CombatSoul@rpgmodule@wh@@,"(code-verified) same swap and same hook_common body as slot 0x150; hk_missile flags the hit as missile (0x02). RETAIL CHECK (data-verified, read-only scan of <RETAIL> WHGame.dll): via-rtti:.?AVC_CombatSoul@rpgmodule@wh@@ present in retail."
D-357,WO-121,RPGModule.dll,vtable-slot,"C_SkirmishManager vtbl+0x10 (I_SkirmishManager::AddSoulToSkirmish(mgr, soul, reference, override u8))",make an NPC fight a peer's avatar (attributed hit) and hold engaged copies,none,main,hits.cpp:30,B,class vtable present in retail; slot number/meaning must be re-verified,"rtti found, 2 vftable; MT control ok",via-rtti:.?AVC_SkirmishManager@rpgmodule@wh@@,"(code-verified) called through the vtable slot with override 1 (avatar becomes target+opponent) or 0 (only joins). WO-119 observed it returns 0 for a bare-spawn body (refused). RETAIL CHECK (data-verified, read-only scan of <RETAIL> WHGame.dll): via-rtti:.?AVC_SkirmishManager@rpgmodule@wh@@ present in retail."
D-358,WO-121,RPGModule.dll,rtti,.?AVC_CombatSoul@rpgmodule@wh@@,vftable of C_CombatSoul: the vtable whose melee/missile hit slots are swapped,none,main,hits.cpp:305,A,RTTI class and vftable present in retail,"rtti found, 1 vftable; MT control ok",rtti:.?AVC_CombatSoul@rpgmodule@wh@@,"(code-verified) anchor::find_vftable(rpg, ..., 0) must return exactly one vftable or the hit gate does not install. MT-only: searched inside RPGModule.dll only (GetModuleHandleA(""RPGModule.dll""), hits.cpp:303). RETAIL CHECK (data-verified, read-only scan of <RETAIL> WHGame.dll): rtti:.?AVC_CombatSoul@rpgmodule@wh@@ present in retail."
D-359,WO-121,RPGModule.dll,rtti,.?AVC_SkirmishManager@rpgmodule@wh@@,vftable of the skirmish manager: class check for the getter's result and source of the AddSoulToSkirmish / RemoveSoulFromSkirmish slots,none,main,hits.cpp:306,A,RTTI class and vftable present in retail,"rtti found, 2 vftable; MT control ok",rtti:.?AVC_SkirmishManager@rpgmodule@wh@@,"(code-verified) find_vftable must be unique. RETAIL CHECK (data-verified, read-only scan of <RETAIL> WHGame.dll): rtti:.?AVC_SkirmishManager@rpgmodule@wh@@ present in retail."
D-360,WO-121,RPGModule.dll,prologue-bytes,40 53 57 41 55 41 56 41 57 48 83 EC 70,the combat-history writer (RPGModule 0x750e10 per docs): the call slot 0x150 makes that slot 0x158 does not; written to record that an avatar hit the victim,none,main,hits.cpp:312,C,pattern has 0 matches in retail,pattern matches 0,pat:40 53 57 41 55 41 56 41 57 48 83 EC 70,"(code-verified) located as a call target of slot 0x150 that slot 0x158 does not call AND that starts with these 13 bytes (function_call_targets + function_calls). It is CALLED (call_history(victimCombatSoul, 0x90-byte data)) on the main thread in apply_attributed and is also the structural gate that arms the hit hook. MT-only risk: the direct-call structure of slot 0x150 vs 0x158 may differ in a PGO retail build. RETAIL CHECK (data-verified, read-only scan of <RETAIL> WHGame.dll): pat:40 53 57 41 55 41 56 41 57 48 83 EC 70 retail matches=0, MT RPGModule.dll matches=1."
D-361,WO-121,EntityModule.dll,vtable-slot,C_Actor vtbl+0x6E0 (GetSoul -> soul),actor -> its soul; the C_CombatSoul is then soul+0x108,none,main,hits.cpp:32,B,class vtable present in retail; slot number/meaning must be re-verified,"rtti found, 3 vftable; MT control ok",via-rtti:.?AVC_Actor@entitymodule@wh@@,"(code-verified) slot on the EntityModule C_Actor vtable (same constant kActorGetSoul in motion.cpp:33 and used in respawn paths); not validated by bytes at install. Used to reach victim/avatar souls; a wrong slot breaks avatars, attribution, avatar contexts. RETAIL CHECK (data-verified, read-only scan of <RETAIL> WHGame.dll): via-rtti:.?AVC_Actor@entitymodule@wh@@ present in retail."
D-362,WO-121,RPGModule.dll,prologue-bytes,48 89 4C 24 08 53 48 83 EC 20,C_SkirmishManager getter (no-arg function returning the skirmish manager): the unique call target of the StopFight function with this prologue,none,main,hits.cpp:323,B,pattern has [182] matches (PGO duplicates); needs a second anchor,pattern matches 182,pat:48 89 4C 24 08 53 48 83 EC 20,"(code-verified) exactly one StopFight call target must match (picks == 1) else attribution stays unarmed; the returned object's vptr is then compared with the RTTI C_SkirmishManager vftable on every use. Depends on actions::stop_fight_fn() (respawn_actions, another agent's file). RETAIL CHECK (data-verified, read-only scan of <RETAIL> WHGame.dll): pat:48 89 4C 24 08 53 48 83 EC 20 retail matches=182, MT RPGModule.dll matches=16."
D-363,WO-121,RPGModule.dll,struct-field,soul+0x108 (embedded C_CombatSoul; vptr must equal the RTTI C_CombatSoul vftable),victim's combat soul for the history write,none,main,hits.cpp:33,B,"parent ""C_CombatSoul hit slot"" unresolved; owning class C_CombatSoul has RTTI in retail; layout/slot must be re-derived from its methods (inferred)",,offset-of:C_CombatSoul hit slot,"(code-verified) WO-119 s2.1 observed; is_a(vcs, g_vftCombatSoul) is checked before the history call."
D-364,WO-121,multi,global,player entity id 0x7777 (engine::entity_by_id(0x7777)),find the local player's entity each second to cache its WUID and entity id for the hit hook,none,main,hits.cpp:541,C,no retail evidence,,none,"(code-verified) a hard-coded engine constant (the player's entity id, also documented as Henry attacker 0x7777 in WO-119); if retail assigns the player another id the attacker/attribution match never fires (hits on avatars still measured)."
D-365,WO-121,CombatModule.dll,rtti,.?AVC_CombatActorActionAttack@combatmodule@wh@@ | .?AVC_CombatActorActionDodge@combatmodule@wh@@ | .?AVC_CombatActorActionPerfectBlock@combatmodule@wh@@ | .?AVC_CombatActorActionBlock@combatmodule@wh@@,vftables whose slot 0x1C8 (EnterImpl) is replaced by a capture thunk to record the player's / NPC's committed actions,vtable-swap,engine-any,motion.cpp:1003,A,RTTI class and vftable present in retail,"rtti found, 4 vftable; rtti found, 3 vftable; rtti found, 4 vftable; MT control ok",rtti:.?AVC_CombatActorActionAttack@combatmodule@wh@@|rtti:.?AVC_CombatActorActionDodge@combatmodule@wh@@|rtti:.?AVC_CombatActorActionBlock@combatmodule@wh@@,"(code-verified) 4 classes; EnterImpl = vtbl+0x1C8 (kActionEnterImpl), slot replaced by a generated register-preserving thunk (make_thunk) that calls wo121_enter_pre(cls, action) then jumps to the original; only the attack class is required. What calls EnterImpl and on which thread: unknown (engine's combat action system; capture() only reads and queues). OFF-MAIN: capture() calls engine::entity_by_id / engine::entity_name and a C_Actor GetName virtual (vtbl+0x490) on the calling thread. RETAIL CHECK (data-verified, read-only scan of <RETAIL> WHGame.dll): rtti:.?AVC_CombatActorActionAttack@combatmodule@wh@@ present in retail; rtti:.?AVC_CombatActorActionDodge@combatmodule@wh@@ present in retail; rtti:.?AVC_CombatActorActionBlock@combatmodule@wh@@ present in retail."
D-366,WO-121,CombatModule.dll,struct-field,"EnableAutomation command object: enable bytes at +0x79, +0x7A, +0x7B (zeroed stand-in = off, all 1 = on)","the automation function reads its enable flags from the test-command object it is given, so the DLL passes a VirtualAlloc'd stand-in",none,main,motion.cpp:293,C,"parent ""C_EnableAutomation::Execute"" unresolved",,offset-of:C_EnableAutomation::Execute,"(code-verified) 3 fields (+0x79..+0x7B); derived from the shipped test command's Execute body (WO-121), not byte-checked at install. Depends on the combattests-style command class, which may not exist on retail (see the rtti row)."
D-367,WO-121,EntityModule.dll,vtable-slot,"C_Actor vtbl+0x448 (SetPseudoSpeed; body: mov rax,[rbx+0x7E8] .. movss [rax+0x18],xmm6)",write the streamed / rendered speed class into the body's animation component each frame,none,main,motion.cpp:32,B,owning class C_Actor has RTTI in retail; layout/slot must be re-derived from its methods (inferred),pattern matches 0,pat:48 8B 83 E8 07 00 00,"(code-verified) armed only if the slot function contains BOTH 48 8B 83 E8 07 00 00 and F3 0F 11 70 18 (actor+0x7E8 -> +0x18 write); the body's own vtable slot must equal the anchored function before each call. Without it (or without the tag hook) the gait piece stays off and the Lua clip walk remains. RETAIL CHECK (data-verified, read-only scan of <RETAIL> WHGame.dll): pat:48 8B 83 E8 07 00 00 retail matches=0, MT EntityModule.dll matches=2."
D-368,WO-121,EntityModule.dll,vtable-slot,"C_Actor vtbl+0x980 (expansion holder getter; body: mov rax,[rbx+0x308])","actor -> holder of the state expansions (actor+0x308); holder vtbl+0x70(holder,1) returns the C_ActorStateExpansion extension",none,main,motion.cpp:34,B,owning class C_Actor has RTTI in retail; layout/slot must be re-derived from its methods (inferred),pattern matches 14,pat:48 8B 83 08 03 00 00,"(code-verified) slot body checked for 48 8B 83 08 03 00 00 (actor+0x308); holder slot 0x70 is unchecked; the returned extension's vptr is compared with the RTTI C_ActorStateExpansion vftable, so a wrong slot reads as no expansion. RETAIL CHECK (data-verified, read-only scan of <RETAIL> WHGame.dll): pat:48 8B 83 08 03 00 00 retail matches=14, MT EntityModule.dll matches=4."
D-369,WO-121,EntityModule.dll,vtable-slot,"C_Actor vtbl+0x970 (GetOrCreateCombatActor, what every combat test command calls)","actor -> its I_CombatActor, creating it when needed, for avatars and engaged NPC copies",none,main,motion.cpp:43,B,class vtable present in retail; slot number/meaning must be re-verified,"rtti found, 3 vftable; MT control ok",via-rtti:.?AVC_Actor@entitymodule@wh@@,"(code-verified) slot index confirmed only by the byte check mov rdx,[rcx+0x970] (48 8B 91 70 09 00 00) inside the C_SetGuardZone test command's Execute (A.actorLookup). Note this is the VTABLE route; combat_construct.cpp calls the same function by the fixed RVA EntityModule+0x92260. The returned pointer is normalised by as_combat_actor (accepts C_CombatActor / C_CombatPlayer primary or +8). RETAIL CHECK (data-verified, read-only scan of <RETAIL> WHGame.dll): via-rtti:.?AVC_Actor@entitymodule@wh@@ present in retail."
D-370,WO-121,CombatModule.dll,vtable-slot,"C_CombatActor vtbl+0x360 (TryStartCombatMode(ca, optional<int>*) ; calls StartCombatMode at +0x6D0)",start combat mode on an avatar / engaged NPC copy,none,main,motion.cpp:51,B,owning class C_CombatActor has RTTI in retail; layout/slot must be re-derived from its methods (inferred),pattern matches 4,pat:FF 90 D0 06 00 00,"(code-verified) armed only if the slot function contains FF 90 D0 06 00 00 (call [rax+0x6D0]); argument is a stack optional<int>{has=false}. RETAIL CHECK (data-verified, read-only scan of <RETAIL> WHGame.dll): pat:FF 90 D0 06 00 00 retail matches=4, MT CombatModule.dll matches=1."
D-371,WO-121,CombatModule.dll,struct-field,"I_CombatActor+0x2D8 owner C_Actor (not a CEntity), +0x2F0 model",from a captured action's combat actor to its owning actor / entity id / name and to the model,none,engine-any,motion.cpp:52,B,"depends on parent ""C_Actor::GetOrCreateCombatActor"" which has no retail anchor; owning class C_Actor, I_CombatActor, CEntity has RTTI in retail; layout/slot must be re-derived from its methods (inferred)",,offset-of:C_Actor::GetOrCreateCombatActor,"(code-verified) duplicates combat_construct.cpp:75; read from inside the EnterImpl capture hook (engine-any), plus main-thread callers."
D-372,WO-121,EntityModule.dll,struct-field,"C_Actor+0x30 (entity id, u32)","turn an owning C_Actor into its entity id (capture of NPC swings, opponent id)",none,engine-any,motion.cpp:55,B,"depends on parent ""C_Actor::GetOrCreateCombatActor"" which has no retail anchor; owning class C_Actor has RTTI in retail; layout/slot must be re-derived from its methods (inferred)",,offset-of:C_Actor::GetOrCreateCombatActor,"(code-verified) WO-42 s4.4 offset, cross-checked against engine::entity_by_id before it is trusted in capture(); read from the EnterImpl capture hook."
D-373,WO-121,CombatModule.dll,struct-field,"combat model+0xEE8 flag array, index 4 = guard-request scope; combat model +0x865 (max over five per-scope block-mode bytes); +0x000 CombatMode bool","hold combat mode (guard-request flag), read the local player's block state, detect combat mode",none,main,motion.cpp:56,C,"exact literal absent, substring present (inconclusive)",str absent; MT control ok,str:CombatMode,"(code-verified) 3 layout constants (+0xEE8 with index 4, +0x865, +0x000); +0x865 is 'max over' five bytes in the source comment without the range shown. RETAIL CHECK (data-verified, read-only scan of <RETAIL> WHGame.dll): str:CombatMode only as a substring in retail (not a standalone string)."
D-374,WO-121,CombatModule.dll,struct-field,"action+0x60 -> descriptor; descriptor+0x84 row mn_fragment_guid (16 bytes, Windows byte order); action+0x78 = combat actor (C_CombatActorActionAttack ctor: mov [rbx+0x78], rbp)",identify which Mannequin fragment row a committed action plays and whose action it is,none,engine-any,motion.cpp:60,B,owning class C_CombatActorActionAttack has RTTI in retail; layout/slot must be re-derived from its methods (inferred),pattern matches 20,pat:48 89 6B 78,"(code-verified) 3 offsets (+0x60, +0x84, +0x78); the +0x78 store is verified at install by scanning .text for the lea of the Attack vftable and requiring 48 89 6B 78 in that function (the ctor); +0x84 is live-observed (WO-121 session 1), not byte-checked. Read from the capture hook (engine-any). RETAIL CHECK (data-verified, read-only scan of <RETAIL> WHGame.dll): pat:48 89 6B 78 retail matches=20, MT CombatModule.dll matches=6."
D-375,WO-121,CombatModule.dll,struct-field,"combat model named properties read by prop_value: CombatMode +0x000 (bool), GuardStance +0x100, GuardZone +0x140, RequestedAtkZone +0x200, AttackType +0x2C0, RequestedInputClass +0x300 (value at +8, name at +0x30)",self-checking reads of the avatar's / player's / NPC's combat state for the wire,none,main,motion.cpp:83,B,"string present, 2 referencing function(s); anchored retail function found; it reads only some of the tested offsets [48, 704, 768] of [48, 256, 320, 512, 704, 768]","str found, 2 fn; str found, 1 fn; str found, 1 fn; offset check [48, 704, 768] of [48, 256, 320, 512, 704, 768]; MT control ok",str:GuardZone|str:GuardStance|str:AttackType,"(code-verified) 6 offsets, each name-checked at +0x30 on every use (prop_named); a subset of the mannequin_read.cpp table. Fails closed if the registered debug names are stripped. RETAIL CHECK (data-verified, read-only scan of <RETAIL> WHGame.dll): str:GuardZone present in retail; str:GuardStance present in retail; str:AttackType present in retail."
D-376,WO-121,EntityModule.dll,rtti,.?AVC_Actor@entitymodule@wh@@,"vftable of C_Actor: source of every C_Actor slot the motion layer calls or hooks (0x448, 0x6E0, 0x980, 0xC98)",none,main,motion.cpp:904,A,RTTI class and vftable present in retail,"rtti found, 3 vftable; MT control ok",rtti:.?AVC_Actor@entitymodule@wh@@,"(code-verified) find_vftable(em, ..., 0) must be unique. NOTE the code also treats the actor's own vptr as whichever class it is (C_Player / NPC classes) and calls slots through the object, not this table, except slot_fn() for the anchored function checks. RETAIL CHECK (data-verified, read-only scan of <RETAIL> WHGame.dll): rtti:.?AVC_Actor@entitymodule@wh@@ present in retail."
D-377,WO-121,EntityModule.dll,rtti,.?AVC_ActorStateExpansion@entitymodule@wh@@,"vftable of the state expansion: slots SetCrouch 0xE8, GetCrouch 0xF0, RequestJump 0x100",vtable-swap,engine-any,motion.cpp:912,A,RTTI class and vftable present in retail,"rtti found, 1 vftable; MT control ok",rtti:.?AVC_ActorStateExpansion@entitymodule@wh@@,"(code-verified) slot 0x100 RequestJump is REPLACED (hk_request_jump: call original, then queue a capture if self == the player's expansion); 0xE8/0xF0 only called. Checked by bytes: SetCrouch 40 88 7B 18, GetCrouch 0F B6 43 18 (crouch-desire byte +0x18), RequestJump contains FF 90 F8 0A 00 00 (actor vtbl 0xAF8 crouch check). Thread calling RequestJump = unknown (player input path; the hook only queues). OFF-MAIN: none beyond the original call and a mutex push. RETAIL CHECK (data-verified, read-only scan of <RETAIL> WHGame.dll): rtti:.?AVC_ActorStateExpansion@entitymodule@wh@@ present in retail."
D-378,WO-121,CombatModule.dll,rtti,.?AVC_CombatActor@combatmodule@wh@@,vftables (offset 0 and secondary base at +8) identifying an I_CombatActor; slot 0x360 TryStartCombatMode,none,main,motion.cpp:927,A,RTTI class and vftable present in retail,"rtti found, 2 vftable; MT control ok",rtti:.?AVC_CombatActor@combatmodule@wh@@,"(code-verified) two find_vftable calls (COL offset 0 and 8), both must be unique; combat actor pointers are accepted only if their vptr equals one of these (or the C_CombatPlayer pair). RETAIL CHECK (data-verified, read-only scan of <RETAIL> WHGame.dll): rtti:.?AVC_CombatActor@combatmodule@wh@@ present in retail."
D-379,WO-121,CombatModule.dll,vtable-slot,vtbl+0xE0 (Execute) of each of the five combat test-command classes,"starting point of the call-graph walks that find SetAtkZone, SetGuardZone, SetBlockMode, EnableAutomation, SetFlag",none,main,motion.cpp:932,C,no retail evidence,rtti absent; MT control ok,via-rtti:.?AVC_SetGuardZone@combattests@combatmodule@wh@@,"(code-verified) slot 0xE0/8 = 28 read from each vftable; the target of each setter is the unique direct call of that Execute that no other test command's Execute also calls (unique_target, call targets found by a byte scan). RETAIL CHECK (data-verified, read-only scan of <RETAIL> WHGame.dll): via-rtti:.?AVC_SetGuardZone@combattests@combatmodule@wh@@ ABSENT from retail."
D-380,WO-121,CombatModule.dll,rtti,.?AVC_SetRequestedAttackZone@combattests@combatmodule@wh@@ | .?AVC_SetGuardZone@combattests@combatmodule@wh@@ | .?AVC_SetBlockMode@combatmodule@wh@@ | .?AVC_EnableAutomation@combatmodule@wh@@ | .?AVC_SetGuard@combattests@combatmodule@wh@@,the five shipped combat TEST COMMAND classes; their Execute slot (vtbl+0xE0) is the only anchor for the setters the avatar combat uses,none,main,motion.cpp:936,C,class RTTI absent in retail,rtti absent; rtti absent; rtti absent; MT control ok,rtti:.?AVC_SetGuardZone@combattests@combatmodule@wh@@|rtti:.?AVC_EnableAutomation@combatmodule@wh@@|rtti:.?AVC_SetBlockMode@combatmodule@wh@@,"(code-verified) 5 RTTI classes; every one must exist or the whole avatar/NPC combat piece fails closed. MT-ONLY RISK: these are debug/test commands (namespace combattests, console commands) that a retail build may have stripped; RTTI of classes that still link would remain. Not verified on retail. RETAIL CHECK (data-verified, read-only scan of <RETAIL> WHGame.dll): rtti:.?AVC_SetGuardZone@combattests@combatmodule@wh@@ ABSENT from retail; rtti:.?AVC_EnableAutomation@combatmodule@wh@@ ABSENT from retail; rtti:.?AVC_SetBlockMode@combatmodule@wh@@ ABSENT from retail."
D-381,WO-121,CombatModule.dll,rtti,"function: SetRequestedAttackZone target = unique call of .?AVC_SetRequestedAttackZone@combattests@combatmodule@wh@@ Execute; signature (ca, int zone)",set the avatar's requested attack zone,none,main,motion.cpp:947,C,class RTTI absent in retail,rtti absent; MT control ok,via-rtti:.?AVC_SetRequestedAttackZone@combattests@combatmodule@wh@@,"(code-verified) found structurally, no byte check of the target; called on the main thread from apply_combat. RETAIL CHECK (data-verified, read-only scan of <RETAIL> WHGame.dll): via-rtti:.?AVC_SetRequestedAttackZone@combattests@combatmodule@wh@@ ABSENT from retail."
D-382,WO-121,CombatModule.dll,rtti,"function: SetGuardZone target = unique call of .?AVC_SetGuardZone@combattests@combatmodule@wh@@ Execute; signature (ca, int zone, int stance, char 0)",set guard zone and stance on an avatar / engaged copy,none,main,motion.cpp:948,C,class RTTI absent in retail,rtti absent; MT control ok,via-rtti:.?AVC_SetGuardZone@combattests@combatmodule@wh@@,"(code-verified) same structural discovery; Execute body also verified for mov rcx,[rax+0x188] / call [rax+0x18] / mov rdx,[rcx+0x970] (actor lookup). RETAIL CHECK (data-verified, read-only scan of <RETAIL> WHGame.dll): via-rtti:.?AVC_SetGuardZone@combattests@combatmodule@wh@@ ABSENT from retail."
D-383,WO-121,CombatModule.dll,rtti,"function: SetBlockMode target = unique call of .?AVC_SetBlockMode@combatmodule@wh@@ Execute; signature (ca, char on, unsigned scope)","hold / release block on an avatar, the local player's test block",none,main,motion.cpp:949,C,class RTTI absent in retail,rtti absent; MT control ok,via-rtti:.?AVC_SetBlockMode@combatmodule@wh@@,"(code-verified) found structurally (docs: the block button's own function); scope 0 used. RETAIL CHECK (data-verified, read-only scan of <RETAIL> WHGame.dll): via-rtti:.?AVC_SetBlockMode@combatmodule@wh@@ ABSENT from retail."
D-384,WO-121,CombatModule.dll,rtti,"function: EnableAutomation target = a direct call of .?AVC_EnableAutomation@combatmodule@wh@@ Execute that contains FF 92 C8 02 00 00 or FF 90 C8 02 00 00 (fetch automation manager, ca vtbl 0x2C8); signature (cmd, ca, char enable)",turn the body's own combat automation off (avatar) or back on,none,main,motion.cpp:951,C,class RTTI absent in retail,rtti absent; MT control ok,via-rtti:.?AVC_EnableAutomation@combatmodule@wh@@,"(code-verified) the function reads its enable flags from a command object at +0x79/+0x7A/+0x7B, so a zeroed / all-ones stand-in object (VirtualAlloc 0x100) is passed; c[0x79..0x7B]=1 means enable. RETAIL CHECK (data-verified, read-only scan of <RETAIL> WHGame.dll): via-rtti:.?AVC_EnableAutomation@combatmodule@wh@@ ABSENT from retail."
D-385,WO-121,CombatModule.dll,string-anchor,Player standard guard request cleared,"finds ClearStandardGuard, whose call target that is also called by C_SetGuard::Execute and starts 48 63 EA is SetFlag(flagsObj, index, value) (the same function as combat_write's 0xF4C20)",none,main,motion.cpp:955,C,anchor string absent in retail,str absent; MT control ok,str:Player standard guard request cleared,"(code-verified) anchor::function_by_string must return exactly one function; SetFlag then = common direct call of ClearStandardGuard and C_SetGuard::Execute with 48 63 EA (movsxd rbp,edx). Called with flags object = model+0xEE8, index 4 (kGuardRequestScope), value 1/0 to hold combat mode; without the flag the engine ends combat the next frame. MT risk: string may be stripped / C_SetGuard is a test command. RETAIL CHECK (data-verified, read-only scan of <RETAIL> WHGame.dll): str:Player standard guard request cleared ABSENT from retail."
D-386,WO-121,RPGModule.dll,string-anchor,wh::rpgmodule::StopFight (RTTR registration name),find the RTTR registration function to lift the StopFight pointer,none,main,respawn_actions.cpp:1378,A,string found in retail and referenced by exactly one function,"str found, 1 fn; MT control ok",str:wh::rpgmodule::StopFight,"hits.cpp also reads its skirmish-manager getter out of this function. Retail image probe (data-verified): str present (1 cop, 1 referencing fn). (code-verified: read in our source)"
D-387,WO-121,RPGModule.dll,prologue-bytes,"48 89 45 80 (mov [rbp-0x80],rax) then 48 8D 05 rel32 (lea rax,[rip+fn]) inside the registration function; accepted fn must contain F0 FF 87 DC 00 00 00 (lock inc dword [rdi+0xDC])",lift wh::rpgmodule::StopFight(const Souls&) and verify it takes the skirmish iteration lock,none,main,respawn_actions.cpp:1382,C,pattern has 0 matches in retail,pattern matches 18/1,pat:48 89 45 80 48 8D 05|pat:F0 FF 87 DC 00 00 00,2 patterns; RTTR registration shape is an MSVC codegen fact; skirmish lock counter at +0xDC. Retail image probe (data-verified): pat present (18 hit(s) in retail .text); pat present (1 hit(s) in retail .text). (code-verified: read in our source)
D-388,WO-121,RPGModule.dll,struct-field,"Souls collection = {begin,end,end} of C_Soul* (primary subobject)",build the argument for StopFight,none,main,respawn_actions.cpp:1409,B,"depends on parent ""wh::rpgmodule::StopFight"" which has a retail route",,offset-of:wh::rpgmodule::StopFight,Layout of the engine Souls container (3-pointer vector). (code-verified: read in our source)
D-389,WO-121,RPGModule.dll,struct-field,TakeDamage with attacker: I_Soul* passed as pointer-to-pointer with t_soulptr type; 'who' null => 2-arg invoke,attributed damage (brain/shouts name attacker),none,main,rttr_abi.cpp:2694,B,owning function/class exists in retail; layout/offset must be re-derived,"str found, 1 fn; MT control ok",via-str:TakeDamage,Argument recipe only.
D-390,WO-124,CrySystem.dll,struct-field,"plausible_pointer(): >0x10000, <0x00007FFFFFFFFFFF, 4-aligned",reject non-object variant payloads,none,main,rttr_abi.cpp:128,C,no retail evidence,,none,User-mode address-space assumption only.
D-391,WO-124,WHGame.dll,prologue-bytes,"FF 15 <rel32 to IAT slot == GetGameIface export> ; within 16 B: 48 8B 48 ib | 48 8B 88 id (mov rcx,[rax+off]) ; within 16 B: FF 15 <IAT slot == AddScriptSaveLock export>",lift the C_PlayerProfileWHManager offset off GetGameIface() from WHGame's own Game.AddSaveLock scriptbind (two binds must agree; 0<off<=0x1000),none,main,savelist.cpp:120,B,pattern ambiguous/absent but string or RTTI route exists,"str found, 1 fn; pattern matches 0; MT control ok",pat:FF 15 ?? ?? ?? ?? ?? ?? ?? ?? ?? ?? ?? ?? ?? ?? 48 8B 88 ?? ?? ?? ??|via-str:AddSaveLock,MT-only scheme: relies on calls through the IAT between split modules (call [rip+slot] resolved to an export). On retail these are direct E8 calls; (data-verified) the scriptbind name string AddSaveLock exists once on retail.
D-392,WO-124,Framework.dll,export,?AddScriptSaveLock@C_PlayerProfileWHManager@framework@wh@@QEAA_NPEBD0@Z,identity of the IAT slot used to lift the manager offset from the Game.AddSaveLock bind,none,main,savelist.cpp:14,B,export absent on retail; alternative string/RTTI anchor exists,"rtti found, 2 vftable; MT control ok",exp:?AddScriptSaveLock@C_PlayerProfileWHManager@framework@wh@@QEAA_NPEBD0@Z|rtti:.?AVC_PlayerProfileWHManager@framework@wh@@,Framework.dll export; retail: not exported. (data-verified) RTTI of C_PlayerProfileWHManager present once on retail.
D-393,WO-124,Framework.dll,export,?UpdateSaveGameDescriptions@C_PlayerProfileWHManager@framework@wh@@QEAAXXZ,rescan the engine's cached save list (same as the menu's flows),none,main,savelist.cpp:15,B,export absent on retail; alternative string/RTTI anchor exists,"rtti found, 2 vftable; MT control ok",exp:?UpdateSaveGameDescriptions@C_PlayerProfileWHManager@framework@wh@@QEAAXXZ|rtti:.?AVC_PlayerProfileWHManager@framework@wh@@,"Framework.dll export; retail: not exported. (data-verified) RTTI of C_PlayerProfileWHManager and C_SaveGameDescription each present once on retail; method-name strings: only 'UpdateSaveGameDescriptions' (once, not NUL-delimited) found, GetNewestSavedGameFromPlayline and GetFilePath absent."
D-394,WO-124,Framework.dll,export,?GetSaveGameDescriptionCount@C_PlayerProfileWHManager@framework@wh@@QEBAHH@Z,"descriptions in a playline: int(this,int playline)",none,main,savelist.cpp:16,B,export absent on retail; alternative string/RTTI anchor exists,"rtti found, 2 vftable; MT control ok",exp:?GetSaveGameDescriptionCount@C_PlayerProfileWHManager@framework@wh@@QEBAHH@Z|rtti:.?AVC_PlayerProfileWHManager@framework@wh@@,Framework.dll export; retail: not exported. (data-verified) RTTI of C_PlayerProfileWHManager present once on retail.
D-395,WO-124,Framework.dll,prologue-bytes,"48 8B 87 <imm32> (mov rax,[rdi+imm32]) followed immediately by 44 8B 48 F4 (mov r9d,[rax-0xC], CryString length header), 0<imm32<0x400, found within the first 64 bytes of GetFilePath",lift the file-name CryString field offset inside C_SaveGameDescription,none,main,savelist.cpp:160,C,pattern has 0 matches in retail,pattern matches 0,pat:48 8B 87 ?? ?? ?? ?? 44 8B 48 F4,Hard-coded register allocation (this kept in rdi) of one MT function; PGO retail codegen will differ.
D-396,WO-124,Framework.dll,export,?GetSaveGameDescription@C_PlayerProfileWHManager@framework@wh@@QEBAPEBVC_SaveGameDescription@23@HH@Z,"description i of a playline: const C_SaveGameDescription*(this,int,int)",none,main,savelist.cpp:17,B,export absent on retail; alternative string/RTTI anchor exists,"rtti found, 2 vftable; MT control ok",exp:?GetSaveGameDescription@C_PlayerProfileWHManager@framework@wh@@QEBAPEBVC_SaveGameDescription@23@HH@Z|rtti:.?AVC_PlayerProfileWHManager@framework@wh@@,Framework.dll export; retail: not exported. (data-verified) RTTI of C_PlayerProfileWHManager present once on retail.
D-397,WO-124,Framework.dll,export,?GetCurrentPlaylineIdx@C_PlayerProfileWHManager@framework@wh@@QEBAHXZ,manager's current playline,none,main,savelist.cpp:18,B,export absent on retail; alternative string/RTTI anchor exists,"rtti found, 2 vftable; MT control ok",exp:?GetCurrentPlaylineIdx@C_PlayerProfileWHManager@framework@wh@@QEBAHXZ|rtti:.?AVC_PlayerProfileWHManager@framework@wh@@,Framework.dll export; retail: not exported. (data-verified) RTTI of C_PlayerProfileWHManager present once on retail.
D-398,WO-124,Framework.dll,export,?GetNewestSavedGameFromPlayline@C_PlayerProfileWHManager@framework@wh@@QEBA_NHAEAH@Z,"what Continue would load: bool(this,int playline,int& idx)",none,main,savelist.cpp:19,B,export absent on retail; alternative string/RTTI anchor exists,"rtti found, 2 vftable; MT control ok",exp:?GetNewestSavedGameFromPlayline@C_PlayerProfileWHManager@framework@wh@@QEBA_NHAEAH@Z|rtti:.?AVC_PlayerProfileWHManager@framework@wh@@,Framework.dll export; retail: not exported. (data-verified) RTTI of C_PlayerProfileWHManager present once on retail.
D-399,WO-124,Framework.dll,export,?GetFilePath@C_SaveGameDescription@framework@wh@@QEBA?AV?$CryStringT@D@@H@Z,function whose body is scanned to lift the file-name field offset,none,main,savelist.cpp:20,B,export absent on retail; alternative string/RTTI anchor exists,"rtti found, 2 vftable; MT control ok",exp:?GetFilePath@C_SaveGameDescription@framework@wh@@QEBA?AV?$CryStringT@D@@H@Z|rtti:.?AVC_PlayerProfileWHManager@framework@wh@@,Framework.dll export; retail: not exported. (data-verified) RTTI of C_PlayerProfileWHManager present once on retail.
D-400,WO-124,WHGame.dll,struct-field,GetGameIface()+g_mgrOff = C_PlayerProfileWHManager* (off lifted at runtime),the save-list manager pointer,none,main,savelist.cpp:38,B,"depends on parent ""Game.AddSaveLock bind"" which has a retail route",,offset-of:Game.AddSaveLock bind,1 lifted field; value is whatever the lift returns.
D-401,WO-124,Framework.dll,struct-field,"C_SaveGameDescription + g_nameOff = CryStringT<char> data pointer (base name, name.whs, or a path; reduced to [A-Za-z0-9_]+)",save name listing for join,none,main,savelist.cpp:39,B,"parent ""C_SaveGameDescription::GetFilePath"" unresolved; owning class C_SaveGameDescription has RTTI in retail; layout/slot must be re-derived from its methods (inferred)",,offset-of:C_SaveGameDescription::GetFilePath,"1 lifted field plus CryString ABI (pointer to chars, header at -0xC)."
D-402,WO-124,Framework.dll,struct-field,"playline indices are small ints (pipe uses int8), save files named saveNNN.whs, scanner lists only names without a space (WO-112 s3.5)",save list query semantics,none,main,savelist.cpp:92,C,no retail evidence,,none,"Engine behaviour assumptions, not offsets."
D-403,WO-124,WHGame.dll,string-anchor,wh_sys_LoadGame / Game.AddSaveLock (referenced in comments: the game lists saves once; load resolves only against that list),documentation of why the rescan call exists,none,main,savelist.h:4,B,"exact literal absent, substring present (inconclusive); only 1 of 2 listed strings exist in retail","str absent; str found, 1 fn; MT control ok",str:wh_sys_LoadGame|str:AddSaveLock,"(data-verified) wh_sys_LoadGame present once in retail, AddSaveLock present once; comment-only in this file."
D-404,WO-127,CryScriptSystem.dll,global,"CryScriptSystem.dll+0x8E560 (gEnv slot, duplicate constant of npc_scan.cpp:33)",reach gEnv for the interior query,none,main,leash.cpp:18,B,owning function/class exists in retail; layout/offset must be re-derived,"str found, 1 fn; MT control ok",via-str:IsPointIndoors,Same engine location as the npc_scan row; IsPointIndoors reads the same slot. Retail WHGame.dll/KingdomCome.exe scan (data-verified): via-str 2 hits.
D-405,WO-127,CryScriptSystem.dll,struct-field,SSystemGlobalEnvironment +0x08 = p3DEngine,I3DEngine pointer from gEnv,none,main,leash.cpp:19,B,"depends on parent ""gEnv"" which has a retail route",,offset-of:gEnv,Read out of CScriptBind_System::IsPointIndoors (disassembled).
D-406,WO-127,Cry3DEngine.dll,vtable-slot,I3DEngine vtbl+0x528 GetVisAreaFromPos(const Vec3*),interior verdict per anchor (non-null vis area = indoors),none,main,leash.cpp:20,B,reached through a string anchor; slot must be re-verified,"str found, 1 fn; MT control ok",via-str:IsPointIndoors,"Validated only by in_module(vtable / fn, ""Cry3DEngine.dll""): the module name is MT-only (see mt_only.md); on retail the check returns -1 (unknown) until rewritten. Retail WHGame.dll/KingdomCome.exe scan (data-verified): via-str 2 hits."
D-407,WO-127,CryEntitySystem.dll,struct-field,"CEntity +0x08 flags: bit 0 = active, bit 4 = hidden",hidden/active flags per scanned entity,none,main,leash.cpp:21,B,"string present, 3 referencing function(s); string present, 17 referencing function(s); owning function/class exists in retail; layout/offset must be re-derived","str found, 3 fn; str found, 17 fn; MT control ok",via-str:IsHidden|via-str:IsActive,"From CScriptBind_Entity::IsHidden/IsActive inline reads (dword[e+8]>>4 &1, byte[e+8]&1). 2 bits. Retail WHGame.dll/KingdomCome.exe scan (data-verified): via-str 17 hits; via-str 7 hits."
D-408,WO-127,CryPhysics.dll,struct-field,"pe_player_dynamics: type=4 @+0x00, bActive int @+92",is the living character simulated at all,none,main,npc_drive.cpp:1076,C,"parent ""IPhysicalEntity::GetParams"" unresolved",,offset-of:IPhysicalEntity::GetParams,2 facts; value sanity-gated to 0/1. Semantics beyond 0/1 inconclusive (WO-127).
D-409,WO-127,CryPhysics.dll,vtable-slot,IPhysicalEntity vtbl+0x28 GetParams(pe_params*),read pe_player_dynamics.bActive (is the living body simulated) for the leash recorder,none,main,npc_drive.cpp:52,B,class vtable present in retail; slot number/meaning must be re-verified,"rtti found, 1 vftable; MT control ok",via-rtti:.?AVCLivingEntity@@,Inferred as the slot between verified SetParams 0x20 and GetStatus 0x30 (WO-127); not byte-validated. Research-only read. Retail WHGame.dll/KingdomCome.exe scan (data-verified): via-rtti 1 hit.
D-410,WO-127,XGenAIModule.dll,struct-field,"C_IntelligentObject+0x128 state byte (0 running,1/2 suspended), +0x129 suspend-reason bitmask",read NPC brain suspension,none,main,respawn_actions.cpp:1471,B,"parent ""exp:??$ai_cast_impl@PEAVC_IntelligentObject@xgenai"" unresolved; owning class C_IntelligentObject has RTTI in retail; layout/slot must be re-derived from its methods (inferred)",,offset-of:exp:??$ai_cast_impl@PEAVC_IntelligentObject@xgenaimodule@wh@@PEAVC_AIObject@23@@ai_cast_private@xgenaimodule@wh@@,2 fields (WO-107 s3.2). (code-verified: read in our source)
D-411,WO-127,XGenAIModule.dll,export,??$ai_cast_impl@PEAVC_IntelligentObject@xgenaimodule@wh@@PEAVC_AIObject@23@@ai_cast_private@xgenaimodule@wh@@,C_AIObject -> C_IntelligentObject cast (leash recorder brain read),none,main,respawn_actions.cpp:561,C,export absent on retail; no other anchor,,exp:??$ai_cast_impl@PEAVC_IntelligentObject@xgenaimodule@wh@@PEAVC_AIObject@23@@ai_cast_private@xgenaimodule@wh@@,"Only a log/recorder feature depends on it (brain_state). Retail image probe (data-verified): exp: retail WHGame.dll has only 42 exports, none of ours, so the export route is absent. (code-verified: read in our source)"
D-412,WO-129,RPGModule.dll,struct-field,"pseudo-speed is a logical speed CLASS (1 walk, 2 run, 3 sprint); engine maps round(x)-1 into the body table; speed bands walk<2.4 < run<4.0 <= sprint m/s",convert the streamed m/s into the engine's class (gait_logic.h speed_class / clamp_class / engine_logical_id),none,main,gait_logic.h:18,C,no retail evidence,,none,"(code-verified) semantic constants copied from observation (player speeds on the wire, WO-116 speed classes 1.4 / 2.94 / 5.19 m/s). Hooked path reads them from any thread through gait::Table (lock-free; main writes, any thread reads)."
D-413,WO-129,EntityModule.dll,struct-field,C_Actor+0x7E8 -> AI-animation component; component+0x18 float pseudo-speed,pseudo-speed written by SetPseudoSpeed and re-written by the tag hook (same field mannequin_read reads),none,engine-any,motion.cpp:44,B,owning class C_Actor has RTTI in retail; layout/slot must be re-derived from its methods (inferred) [inconclusive: the recorded anchor also fails on the Modding Tools control],str absent; MT control anchor not found in any MT module,via-str:Getting pseudospeed from actor without an AI Animation component,"(code-verified) duplicate of the mannequin_read.cpp:110 row but WRITTEN here, including from the tag hook (OFF-MAIN when on a job worker). RETAIL CHECK (data-verified, read-only scan of <RETAIL> WHGame.dll): via-str:Getting pseudospeed from actor without an AI Animation component ABSENT from retail."
D-414,WO-129,EntityModule.dll,struct-field,"C_Actor+0x574 requested velocity (3 floats), +0x614 move vector (2 floats)",the two inputs the tag update reads for pace and direction; written by the hook and read from the local player for the 0x86 state block,none,engine-any,motion.cpp:45,B,"depends on parent ""C_Actor::UpdateMannequinTags"" which has a retail route",,offset-of:C_Actor::UpdateMannequinTags,"(code-verified) 2 fields (+0x574 size 12, +0x614 size 8); the writes are OFF-MAIN when the tag hook fires on a job worker. Reads in read_local_state2 (main). Validated only through the tag-update body bytes above."
D-415,WO-129,EntityModule.dll,vtable-slot,C_Actor vtbl+0xC98 (C_Actor::UpdateMannequinTags),location of the per-frame Mannequin tag update whose entry is hooked to re-apply the gait inputs,none,engine-any,motion.cpp:72,B,class vtable present in retail; slot number/meaning must be re-verified,"rtti found, 3 vftable; MT control ok",via-rtti:.?AVC_Actor@entitymodule@wh@@,"(code-verified) slot found via the RTTI vftable, then four in-body byte checks: 48 8B 91 50 04 00 00 (GetPseudoSpeed +0x450), F3 0F 10 8F 74 05 00 00 (requested velocity +0x574), F2 44 0F 10 87 14 06 00 00 (move vector +0x614), 48 8D 8F 50 08 00 00 (stance manager +0x850). All four must match or the hook is not installed (and then the gait piece is off). Retail vtables may place this at another index; the body checks are the portable part (inferred). RETAIL CHECK (data-verified, read-only scan of <RETAIL> WHGame.dll): via-rtti:.?AVC_Actor@entitymodule@wh@@ present in retail."
D-416,WO-129,EntityModule.dll,struct-field,"C_Actor+0x850 stance manager, +0x10 (= actor+0x860) logical-speed table kind (int32)",kind argument for the logical-speed manager's class count,none,main,motion.cpp:74,B,"depends on parent ""C_Actor::UpdateMannequinTags"" which has a retail route",,offset-of:C_Actor::UpdateMannequinTags,"(code-verified) read by body_range; confirmed reachable from the tag-update body (lea rcx,[rdi+0x850]). Follows the body's state so re-read every 0.5 s."
D-417,WO-129,multi,struct-field,"GameIface+0x138 -> holder; holder vtbl+0x100() = logical-speed manager; manager vtbl+0x08 count(soul,kind) and vtbl+0x78 map (id=(int)(pseudo+0.5)-1)",the body's own logical speed class count so the gait class is clamped to it,none,main,motion.cpp:75,C,"depends on parent ""GetGameIface"" which has no retail anchor",,offset-of:GetGameIface,"(code-verified) 4 constants (gi+0x138, holder slot 0x100, manager slots 0x08 and 0x78); slot 0x78's body is byte-checked for F3 0F 2C C6 (cvttss2si) and FF C8 (dec eax) in RPGModule before anything is trusted; count() result > 16 is refused."
D-418,WO-129,EntityModule.dll,prologue-bytes,48 89 54 24 10 53 57 41 55 41 57 48 81 EC A8 00 00 00,"18-byte prologue of C_Actor::UpdateMannequinTags, the function the WO-116 register-preserving entry hook patches",detour,engine-any,motion.cpp:79,C,pattern has 0 matches in retail,pattern matches 0,pat:48 89 54 24 10 53 57 41 55 41 57 48 81 EC A8 00 00 00,"(code-verified) inlinehook::install_this: jmp [rip+0] thunk, register-preserving call to on_update_tags(actor) then a trampoline to the original; installed from the main thread at install with every other thread suspended (dllmain.cpp:123 run_sync; the patch code suspends other threads, see inline_hook.h). Prologue mismatch = 'hook refused'. Per inline_hook.h and WO-129 the function runs on the main thread AND eight job workers (WO-116 s2.4: observed per-thread counts for related per-character functions; for UpdateMannequinTags itself the evidence is the WO-129 findings / motion.cpp:235 comment, not a thread log). OFF-MAIN: on_update_tags writes actor+0x7E8->+0x18, actor+0x574..0x57C, actor+0x614/0x618 on whatever thread runs the tag update. RETAIL CHECK (data-verified, read-only scan of <RETAIL> WHGame.dll): pat:48 89 54 24 10 53 57 41 55 41 57 48 81 E retail matches=0, MT EntityModule.dll matches=1."
D-419,WO-131,multi,struct-field,"MSVC x64 RTTI: vptr[-1] = Complete Object Locator {signature=1 at +0, TypeDescriptor rva at +12, self rva at +20}; module base = COL - selfRva; class name at TypeDescriptor+0x10",log the decorated class name behind a vptr (capture-drop diagnostics),none,engine-any,motion.cpp:349,C,no retail evidence,,none,(code-verified) standard MSVC x64 RTTI layout; logging only. Holds on retail because RTTI is present (51k type descriptors per the brief).
D-420,WO-131,CombatModule.dll,rtti,.?AVC_CombatPlayer@combatmodule@wh@@,"vftables (offset 0 and +8) of the PLAYER's combat actor, a C_CombatActor subclass",none,main,motion.cpp:929,A,RTTI class and vftable present in retail,"rtti found, 3 vftable; MT control ok",rtti:.?AVC_CombatPlayer@combatmodule@wh@@,"(code-verified) WO-131 found the player's combat actor is this class (field log identified CombatModule+0x612B28 as its primary vftable); without it no player swing is ever captured. RETAIL CHECK (data-verified, read-only scan of <RETAIL> WHGame.dll): rtti:.?AVC_CombatPlayer@combatmodule@wh@@ present in retail."
D-421,WO-132,CombatModule.dll,struct-field,combat model+0x1118 (current opponent; compared with the player's C_CombatActor or that pointer - 8),is this NPC already fighting the local player (host) so the avatar only joins the skirmish (override 0),none,main,hits.cpp:271,B,"parent ""C_CombatActor::TryStartCombatMode"" unresolved; owning class C_CombatActor has RTTI in retail; layout/slot must be re-derived from its methods (inferred)",,offset-of:C_CombatActor::TryStartCombatMode,(code-verified) model+0x1118 also read in motion.cpp:57 and combat_construct.cpp:77; the -8 accounts for the C_CombatActor secondary base at +8.
D-422,WO-132,RPGModule.dll,vtable-slot,"C_SkirmishManager vtbl+0x18 (RemoveSoulFromSkirmish; RPGModule 0x645970, its __FUNCTION__ string names it)",one soul leaves its skirmish while the fight goes on (joiner's engaged copies),none,main,hits.cpp:31,B,class vtable present in retail; slot number/meaning must be re-verified,"rtti found, 2 vftable; MT control ok",via-rtti:.?AVC_SkirmishManager@rpgmodule@wh@@,"(code-verified) slot index only; the function's own __FUNCTION__ string is named in the code comment (hits.cpp:65) but the exact text is not quoted there. RETAIL CHECK (data-verified, read-only scan of <RETAIL> WHGame.dll): via-rtti:.?AVC_SkirmishManager@rpgmodule@wh@@ present in retail."
D-423,WO-132,RPGModule.dll,string-anchor,player_henry soul id bytes FB CF 2D 4C A1 DE 63 62 72 D7 B3 9F 4D B2 D8 B5 (memcmp against the 16-byte guid of a forwarded ApplyDamage),a forwarded hit on the local player is never put back by the discard watch,none,pipe,pipe_server.cpp:598,B,"string present, 2 referencing function(s); string/RTTI present but not unique or unreferenced in code","str found, 2 fn; MT control ok",str:player_henry,"Game-data identity of Henry's soul (16-byte GUID of the player_henry record); (data-verified) the string player_henry exists once in retail WHGame.dll, the GUID bytes were not checked. Runs inside the run_sync_bounded task so the read happens on the main thread."
D-424,WO-133,data/other,data,"port_trigger_gate(respawn::session_active(), pipe::connected())",file-armed triggers refused in a session,none,main,concept_read.cpp:760,D,"data/working-directory dependency, not an engine binary anchor",,none,Our own gate; listed only because it blocks the one concept WRITE path in this file. (code-verified: read in our source)
D-425,WO-135,multi,string-anchor,"script-context names set through sctx::set_soul_context: 5 avatar contexts (crime_ignorePlayersDrawnWeapon, crime_disableHitFromPlayerReaction, crime_suppressBehavioralReaction, crime_suppressFightStartBark, combat_disableAllSkirmishBarks) + quiet groups witness(14) react(9) defence(4)",make the peer's avatar puppet inert to the local player's actions and quiet its own brain,none,main,motion.cpp:717,D,"data-carried name: absent from the retail binary as a literal but present in game data (Scripts.pak:AI/crime/getPlayersOffences.xml), which is identical in both builds",str absent; str absent; str absent; MT control anchor not found in any MT module,str:crime_ignorePlayersDrawnWeapon|str:combat_disableMeleeDefenseAutomation|str:switch_disabledHitReaction,"(code-verified) 32 context names (Tables.pak :: Libs/Tables/ai/ScriptContext.xml rows, game data not binary); set by another agent's script_context.cpp machinery. A name missing on the build counts as a failed set (c_ctxFail) and is logged, not fatal. RETAIL CHECK (data-verified, read-only scan of <RETAIL> WHGame.dll): str:crime_ignorePlayersDrawnWeapon ABSENT from retail; str:combat_disableMeleeDefenseAutomation ABSENT from retail; str:switch_disabledHitReaction ABSENT from retail."
D-426,WO-135,RPGModule.dll,string-anchor,"game buff rows by GUID: f8d60fe4-e2c1-420a-946a-213e1cd09265 unconscious_nonpersistend, 74cf0c29-d03e-4233-9352-b91ca5ea69ea infinite_unconsciousness_nonpersistent, bd22f98a-e61f-4d83-b39c-79d1d85b6b91 remove_unconsciousness",knock a host NPC's copy out (add unconsciousness buffs) and wake it (remove_unconsciousness),none,main,wo131.cpp:26,C,anchor string absent in retail,,none,"(code-verified) 3 GUIDs of the game's own buff table (Tables :: rpg/buff.xml), GAME DATA in the paks, not in the binary: a retail port must check the retail table has the same GUIDs (inferred identical). The two kcdmp_* guard GUIDs (wo131.cpp:22/25) are our own buff__kcdmp.xml rows, not engine dependencies."
D-427,WO-135,RPGModule.dll,struct-field,C_Soul+0x40 = soul id (WUID) (script_context.h),avatar soul id compared against the dialogue executor ids,none,main,wo135.cpp:14,B,"depends on parent ""HealBleeding"" which has no retail anchor; owning class C_Soul has RTTI in retail; layout/slot must be re-derived from its methods (inferred)",,offset-of:HealBleeding,"1 field; set from the pipe/motion path on the main thread (motion.cpp:822), read in the gate on any thread via std::atomic ids. (code-verified: read in our source)"
D-428,WO-135,DialogModule.dll,prologue-bytes,"40 55 53 56 41 55 41 57 48 8D 6C 24 C9 48 81 EC C0 00 00 00 (20 bytes: push rbp/rbx/rsi/r13/r15; lea rbp,[rsp-0x37]; sub rsp,0xC0)","exact prologue of the dialogue-start function, required before the entry gate is patched in",inline-gate,engine-any,wo135.cpp:18,C,pattern has 0 matches in retail,pattern matches 0,pat:40 55 53 56 41 55 41 57 48 8D 6C 24 C9 48 81 EC C0 00 00 00,"Compiler-specific: a retail (different LTO/codegen) build will almost certainly differ; the gate returns 0 = the function own ""not started"" result. Retail image probe (data-verified): pat ABSENT (0 hit(s) in retail .text). (code-verified: read in our source)"
D-429,WO-135,DialogModule.dll,struct-field,"dialogue request (rdx): executors (""Ex"") vector<u64 soulId> at request+0x58 (begin) / +0x60 (end), cap 32; listeners (""Nx"") at +0x70/+0x78 (documented, not read)",scan speakers for an avatar soul id and refuse the dialogue,inline-gate,engine-any,wo135.cpp:19,C,no retail evidence,str absent; MT control ok,"via-str:New dialogue '%s' is starting. Params: souls = '%s' forced = %s, forced decision = %s","2 fields read (+0x58,+0x60); calling convention rcx=dialogue manager, rdx=request; function returns 0 when it does not start. Retail image probe (data-verified): str ABSENT. (code-verified: read in our source)"
D-430,WO-135,DialogModule.dll,string-anchor,"New dialogue '%s' is starting. Params: souls = '%s' forced = %s, forced decision = %s","locate the single DialogModule function that starts every dialogue, bark and monologue (the dialogue-start gate)",inline-gate,engine-any,wo135.cpp:60,C,anchor string absent in retail,str absent; MT control ok,"str:New dialogue '%s' is starting. Params: souls = '%s' forced = %s, forced decision = %s",Must have EXACTLY one referencing function (count==1) else not armed. A log-format string; retail could have stripped or reworded it. Gate thread = whichever thread starts a dialogue (see hooks.jsonl). Retail image probe (data-verified): str ABSENT. (code-verified: read in our source)
D-431,WO-136,EntityModule.dll,vtable-slot,C_Actor vtbl+0xAF8 (the actor's own crouch query; body calls [rax+0xB78] stance component getter and compares state with 1),read the local player's crouch (the key's path) for the wire state block,none,main,motion.cpp:42,B,owning class C_Actor has RTTI in retail; layout/slot must be re-derived from its methods (inferred),pattern matches 1,pat:FF 90 78 0B 00 00,"(code-verified) validated once per fn by two byte patterns FF 90 78 0B 00 00 (call [rax+0xB78]) and 3C 01 (cmp al,1) inside the function, else REFUSED; also the stance component at actor+0xAC0 (comment). EntityModule-only scan (em module handle). RETAIL CHECK (data-verified, read-only scan of <RETAIL> WHGame.dll): pat:FF 90 78 0B 00 00 retail matches=1, MT EntityModule.dll matches=23."
D-432,WO-136,CryEntitySystem.dll,string-anchor,"""Wolf"", ""WildDog"", ""Boar"" (encounter animal classes)",encounter animals travel as not-human bodies (WO-136) and body_kind() (WO-144 2.3),none,main,npc_scan.cpp:137,A,string found in retail and referenced by exactly one function,"str found, 1 fn; MT control ok",str:WildDog,Optional per class: a class the build lacks is simply not scanned. Retail WHGame.dll/KingdomCome.exe scan (data-verified): str 1 hit.
D-433,WO-136,WHGame.dll,vtable-slot,"C_ScriptContextManager vtable +0x20 (slot[4] SetRelationContext(bool,wuid from,wuid to,node) RCX=this DL=v R8=from R9=to [rsp+0x28]=node) and +0x40 (slot[8] HasRelationContext(from,to,node))",Relation contexts (combat_forcedTarget = 'fight this one'),none,main,script_context.cpp:39,B,class vtable present in retail; slot number/meaning must be re-verified,"rtti found, 1 vftable; MT control ok",via-rtti:.?AVC_ScriptContextManager@game@wh@@,"2 slots; verified by address+prologue the first time, refusing only relation calls on mismatch."
D-434,WO-136,WHGame.dll,fixed-offset,"WHGame+0x6BF60 (SetRelationContext), WHGame+0x6C620 (HasRelationContext)",integrity vs relation vtable slots,none,main,script_context.cpp:41,C,no retail evidence,,none,2 MT-only RVAs.
D-435,WO-136,WHGame.dll,prologue-bytes,SetRel 48 89 5C 24 10 55 56 57 48 81 EC A0 ; HasRel 48 89 5C 24 08 48 89 6C 24 20 4C 89,integrity prologues of relation fns,none,main,script_context.cpp:43,A,byte pattern matches exactly once in retail,pattern matches 1/1,pat:48 89 5C 24 10 55 56 57 48 81 EC A0|pat:48 89 5C 24 08 48 89 6C 24 20 4C 89,"(data-verified) retail slot[4] starts 40 55 48 8D 6C 24 B1 48 81 EC A0 and slot[8] starts 48 8B C4 4C 89 40 18 - differ from MT bytes; sub rsp 0x90 / 0xA0 frame sizes match MT, so the slots are plausibly the same functions (inferred)."
D-436,WO-136,RPGModule.dll,vtable-slot,"skirmish manager AddSoulToSkirmish(npcSoul, targetSoul, override=1) and RemoveSoulFromSkirmish (called through hits::skirmish_add / skirmish_remove)","retarget an NPC: leave its skirmish, add back vs the new opponent (override 1 sets the opponent of an NPC that is not fighting; override 0 is ignored while fighting)",none,main,wo136.cpp:143,B,reached through a string anchor; slot must be re-verified,"str found, 1 fn; MT control ok",via-str:wh::rpgmodule::StopFight,"No anchor in THIS file: it consumes hits.cpp helpers (which lift the skirmish-manager getter out of the anchored StopFight function). Engine behaviour facts are the load-bearing part: read-back after 0.6 s, at most 3 redos, observed H1-H6. Retail image probe (data-verified): str present (1 cop, 1 referencing fn). (code-verified: read in our source)"
D-437,WO-136,CombatModule.dll,struct-field,"motion::NpcCombat {hasCa, combat, opponentIsPlayer, opponentEid} (read_npc_combat)",read an NPC combat model opponent to verify a switch,none,main,wo136.cpp:150,C,"parent ""read_npc_combat"" unresolved",,offset-of:read_npc_combat,Consumed from motion.cpp (other agent); an animal never reads combat=1 (H6) so opponent != none is the test. (code-verified: read in our source)
D-438,WO-136,data/other,data,"combat_forcedTarget (Relation game context, NPC -> target)","the game own ""fight this one"" lever, set via sctx::set_soul_relation (WO-68 context manager slot [4]); refcounted, only pairs we set are cleared",none,main,wo136.cpp:51,D,"data/working-directory dependency, not an engine binary anchor",,none,"Context name from battlegroupcontroller.xml / quest fight utilities (43 trees, per comment). Mechanism lives in script_context.cpp (other agent). Retail image probe (data-verified): str ABSENT. (code-verified: read in our source)"
D-439,WO-137,ConceptModule.dll,rtti,.?AVC_Function@conceptmodule@wh@@,quest Function nodes; slot 12 (invoke) is swapped for the joiner time gate and the punishment time gate,vtable-swap,engine-any,wo137.cpp:1028,A,RTTI class and vftable present in retail,"rtti found, 1 vftable; MT control ok",rtti:.?AVC_Function@conceptmodule@wh@@,"WO-137/WO-139 time gate. Verified structurally: two calls down slot 12 a function contains 4C 8B 43 68 (mov r8,[rbx+0x68]). Retail image probe (data-verified): rtti present. (code-verified: read in our source)"
D-440,WO-137,CrySystem.dll,export,??0variant@rttr@@QEAA@XZ,empty rttr::variant constructor (the value the skipped time-set function returns),none,main,wo137.cpp:1029,C,export absent on retail; no other anchor,,exp:??0variant@rttr@@QEAA@XZ,"rttr library exports from CrySystem.dll; on retail rttr is statically inside WHGame.dll (find via RTTR registration strings or RTTI instead). Retail image probe (data-verified): exp: retail WHGame.dll has only 42 exports, none of ours, so the export route is absent. (code-verified: read in our source)"
D-441,WO-137,Shared.dll,struct-field,gi+0x128 -> C_ConceptModule*; C_ConceptModule+0x18 -> C_ConceptManager*,reach the concept manager / module,none,main,wo137.cpp:106,B,"depends on parent ""GetGameIface"" which has no retail anchor; owning class C_ConceptModule, C_ConceptManager has RTTI in retail; layout/slot must be re-derived from its methods (inferred)",,offset-of:GetGameIface,2 offsets (WO-97 live); not validated by RTTI here (punishment.cpp does). (code-verified: read in our source)
D-442,WO-137,ConceptModule.dll,struct-field,"C_Node+0x18 runtime state (fallback when GetRuntimeState export missing; value 1 = Hibernating, Execute refuses)",Asleep check before Apply,none,main,wo137.cpp:108,B,"depends on parent ""?GetRuntimeState@C_Node@conceptmodule@wh@@"" which has no retail anchor; owning class C_Node has RTTI in retail; layout/slot must be re-derived from its methods (inferred)",,offset-of:?GetRuntimeState@C_Node@conceptmodule@wh@@,1 field + enum value. (code-verified: read in our source)
D-443,WO-137,ConceptModule.dll,struct-field,C_StateVariable+0x68 = rttr::variant (the State value; the setter compares old/new here),"read/decode a State value (before/after Apply, ReadState)",none,main,wo137.cpp:109,B,owning class RTTI present in retail; layout must be re-derived,,offset-of:rtti:.?AVC_StateVariable@conceptmodule@wh@@,"1 field; decoded with rttr is_valid/to_int/get_type/get_name, no allocation. Setter on MT 1.5.5 = ConceptModule+0x29C870 (header comment only, not used in code). (code-verified: read in our source)"
D-444,WO-137,ConceptModule.dll,vtable-slot,"C_StateVariable vtbl[33] (+0x108) ExecuteNode (called by C_Node::Execute) -- HOOKED to record the triggering port; vtbl[42] (+0x150) OnStateChanged(old,new,notify) -- HOOKED to record (path,port,old,new)",the state-change detector,vtable-swap,engine-any,wo137.cpp:110,B,"owning class C_StateVariable, C_Node has RTTI in retail; layout/slot must be re-derived from its methods (inferred)",pattern matches 200/200,pat:FF 90 08 01 00 00|pat:FF 90 50 01 00 00,"2 slots. Verified by: (a) exactly one direct call target of slot 33 references the string ""state value changed from '%s' to '%s'"" and contains FF 90 50 01 00 00 (call [rax+0x150]); (b) C_Node::Execute contains FF 90 08 01 00 00 (call [rax+0x108]). Hooks fire on whichever thread changes State; port attribution only when tid==g_mainTid. RETAIL (data-verified): C_StateVariable vftable exists; slot 33 = WHGame+0x61E91C, slot 42 = WHGame+0x61C19C; the trace string has 4 referencing functions, exactly ONE of which (WHGame+0x6B1264) is a direct call target of slot 33 and contains FF 90 50 01 00 00, so the same structural test selects it. Retail image probe (data-verified): pat present (200+ hit(s) in retail .text); pat present (200+ hit(s) in retail .text). (code-verified: read in our source)"
D-445,WO-137,ConceptModule.dll,vtable-slot,"I_Port vtbl[9] GetName, vtbl[15] Trigger (shared by C_InputTriggerPort/C_AutoTriggerPort; 0xCC580 on MT 1.5.5) called as void(*)(port)",Apply: the engine own entry for a Set<Value> pulse (same C_Node::Execute the graph makes),none,main,wo137.cpp:112,B,owning class RTTI present in retail; layout must be re-derived,,offset-of:rtti:.?AVC_InputTriggerPort@conceptmodule@wh@@,"Accepted only when slot 15 body calls exported C_Node::Execute (function_calls). WRITE path into game state, run via pipe-marshalled main-thread task. RETAIL (data-verified): slot 15 of C_InputTriggerPort and C_AutoTriggerPort is one function (WHGame+0x6920D4) whose direct call targets include a function containing FF 90 08 01 00 00 (WHGame+0x692060), consistent with C_Node::Execute. (code-verified: read in our source)"
D-446,WO-137,ConceptModule.dll,vtable-slot,"C_Function vtbl[12] (+0x60) invoke(self, retVariant*, out*) -- HOOKED; C_FunctionBase+0x68 = const char* MethodName",skip quest time-set nodes (wh::rpgmodule::AdvanceWorldTime / wh::conceptmodule::PassLongTime) by returning an empty variant; OnExec still fires,vtable-swap,main,wo137.cpp:114,B,class vtable present in retail; slot number/meaning must be re-verified,"rtti found, 1 vftable; MT control ok",rtti:.?AVC_Function@conceptmodule@wh@@,"1 slot + 1 field. Gate only acts when GetCurrentThreadId()==g_mainTid. Skips 179 + 5 quest nodes (census doc, not re-read here). RETAIL (data-verified): C_Function vftable exists, slot 12 = WHGame+0x69133C, but the exact structural proof (4C 8B 43 68 two calls down) did NOT match within 3 call levels, so offset +0x68 for MethodName is unconfirmed there (inconclusive). Retail image probe (data-verified): rtti present. (code-verified: read in our source)"
D-447,WO-137,ConceptModule.dll,struct-field,node path walk: GetName/GetParent chain (cap 40 levels); a State counts as a quest State only if the chain meets a node whose vptr == C_Quest vftable; the path walk uses GetName/GetParent up to 40 levels and stops at the nearest vftable == C_Quest,quest ownership of a State (questLen in the 0x9E frame),none,main,wo137.cpp:319,B,owning class RTTI present in retail; layout must be re-derived,,offset-of:rtti:.?AVC_Quest@questmodule@wh@@,Depth cap 40. (code-verified: read in our source)
D-448,WO-137,CrySystem.dll,struct-field,S_NodeExecuteContext+8 = the triggering port (C_Node::Execute reads it there),attribute a State change to its port,none,main,wo137.cpp:441,B,"depends on parent ""?Execute@C_Node@conceptmodule@wh@@"" which has a retail route",,offset-of:?Execute@C_Node@conceptmodule@wh@@,1 field; the ctx argument of slot 33. (code-verified: read in our source)
D-449,WO-137,CrySystem.dll,struct-field,"MSVC RTTI layout: vptr[-1] = COL {sig=1 at +0, offset at +4, typeDescriptor rva at +12, self rva at +20}; type name at TD+0x10","rtti_name()/rtti_offset(): class name and subobject offset from a live vptr (logs, quest-module search)",none,main,wo137.cpp:50,C,no retail evidence,,none,Compiler ABI fact; the same COL walk is what find_vftable uses (anchors.cpp). Works on retail because RTTI is present. (code-verified: read in our source)
D-450,WO-137,ConceptModule.dll,struct-field,"C_Quest::GetObjectives returns vector ptr {begin,end} (+0/+8) of 16-byte entries (id u32 at +0, cap 256); resolver vtbl[2](resolver, ret, id) -> objective _smart_ptr",enumerate a quest objectives (ReadQuest op 4),none,main,wo137.cpp:586,B,"depends on parent ""?GetObjectives@C_Quest@questmodule@wh@@"" which has no retail anchor; owning class C_Quest has RTTI in retail; layout/slot must be re-derived from its methods (inferred)",,offset-of:?GetObjectives@C_Quest@questmodule@wh@@,"3 layout facts (vector ptrs, 16-byte stride, resolver slot 2). (code-verified: read in our source)"
D-451,WO-137,Shared.dll,struct-field,"gi+0xB8 -> C_ModulesManager (module vector begin/end at +0x10/+0x18, stride 8, cap 256); fallback scan of gi+0..0x400 and one level below for a pointer whose RTTI is .?AVC_QuestModule@questmodule@wh@@","find the C_QuestModule instance (for HUD proxy, research)",none,main,wo137.cpp:677,C,"depends on parent ""GetGameIface"" which has no retail anchor",,offset-of:GetGameIface,3 offsets + 2 brute-force 0x400-byte scans; research path only. (code-verified: read in our source)
D-452,WO-137,data/other,data,kcdmp-quest.txt: read / state / pulse FIRE / detect / hud / timegate,"research file, polled every 30 frames (main thread); a FIRE in the file at process start is a baseline, never run; pulse refused in a session or with an agent (port_gate)",none,main,wo137.cpp:786,D,"data/working-directory dependency, not an engine binary anchor",,none,Dev-only; not an engine dependency. (code-verified: read in our source)
D-453,WO-137,multi,string-anchor,GetModuleHandleA ConceptModule.dll / QuestModule.dll / GUIModule.dll / CrySystem.dll / Framework.dll,module handles the whole quest layer is scanned in,none,worker,wo137.cpp:932,C,anchor string absent in retail,,none,MT-ONLY ASSUMPTION: 4 to 5 split module DLLs; on retail all live in WHGame.dll so every scan must use that one image and all per-module export lookups change. (code-verified: read in our source)
D-454,WO-137,ConceptModule.dll,export,?GetName@C_Node@conceptmodule@wh@@,node name (CryStringT const&) for building the dotted path,none,main,wo137.cpp:945,B,"route via RTTR registration: class RTTI + method-name string ""GetName"" (inferred)",,exp:?GetName@C_Node@conceptmodule@wh@@,"Exported by name; all 9 ConceptModule exports must resolve or the detector/apply/read pieces stay off. Retail monolith export availability unknown. Retail image probe (data-verified): exp: retail WHGame.dll has only 42 exports, none of ours, so the export route is absent. (code-verified: read in our source)"
D-455,WO-137,ConceptModule.dll,export,?GetParent@C_Node@conceptmodule@wh@@,"node -> parent _smart_ptr<C_ModuleBase>, walked to the root",none,main,wo137.cpp:946,B,"route via RTTR registration: class RTTI + method-name string ""GetParent"" (inferred)",,exp:?GetParent@C_Node@conceptmodule@wh@@,"Exported by name; all 9 ConceptModule exports must resolve or the detector/apply/read pieces stay off. Retail monolith export availability unknown. Retail image probe (data-verified): exp: retail WHGame.dll has only 42 exports, none of ours, so the export route is absent. (code-verified: read in our source)"
D-456,WO-137,ConceptModule.dll,export,?Release@C_SharedResource@conceptmodule@wh@@,release a returned node/port smart-pointer reference,none,main,wo137.cpp:947,B,"route via RTTR registration: class RTTI + method-name string ""Release"" (inferred)",,exp:?Release@C_SharedResource@conceptmodule@wh@@,"Exported by name; all 9 ConceptModule exports must resolve or the detector/apply/read pieces stay off. Retail monolith export availability unknown. Retail image probe (data-verified): exp: retail WHGame.dll has only 42 exports, none of ours, so the export route is absent. (code-verified: read in our source)"
D-457,WO-137,ConceptModule.dll,export,?GetRuntimeState@C_Node@conceptmodule@wh@@,node runtime state (1 = Hibernating),none,main,wo137.cpp:949,C,"export absent on retail; class RTTI present, name-string absent",,exp:?GetRuntimeState@C_Node@conceptmodule@wh@@,"Exported by name; all 9 ConceptModule exports must resolve or the detector/apply/read pieces stay off. Retail monolith export availability unknown. Retail image probe (data-verified): exp: retail WHGame.dll has only 42 exports, none of ours, so the export route is absent. (code-verified: read in our source)"
D-458,WO-137,ConceptModule.dll,export,?GetResourceResolver@C_ConceptModule@conceptmodule@wh@@,resolver used to turn objective ids into C_Objective objects,none,main,wo137.cpp:950,C,"export absent on retail; class RTTI present, name-string absent",,exp:?GetResourceResolver@C_ConceptModule@conceptmodule@wh@@,"Exported by name; all 9 ConceptModule exports must resolve or the detector/apply/read pieces stay off. Retail monolith export availability unknown. Retail image probe (data-verified): exp: retail WHGame.dll has only 42 exports, none of ours, so the export route is absent. (code-verified: read in our source)"
D-459,WO-137,ConceptModule.dll,rtti,.?AVC_StateVariable@conceptmodule@wh@@,every quest <State> node; vftable slots 33 and 42 are swapped (detector); class identity for is_state(),vtable-swap,engine-any,wo137.cpp:952,A,RTTI class and vftable present in retail,"rtti found, 1 vftable; MT control ok",rtti:.?AVC_StateVariable@conceptmodule@wh@@,"The detector. Slot swap is an atomic InterlockedExchangePointer on the .rdata vftable (VirtualProtect RW) done from the plugin thread, not the main thread. Retail image probe (data-verified): rtti present. (code-verified: read in our source)"
D-460,WO-137,ConceptModule.dll,rtti,.?AVC_InputTriggerPort@conceptmodule@wh@@,State Set<Value> in-port class; slot 15 = the real trigger used by Apply,none,main,wo137.cpp:953,A,RTTI class and vftable present in retail,"rtti found, 1 vftable; MT control ok",rtti:.?AVC_InputTriggerPort@conceptmodule@wh@@,Port class acceptance test in apply(): vptr must be this or C_AutoTriggerPort and slot 15 must equal the shared trigger. Retail image probe (data-verified): rtti present. (code-verified: read in our source)
D-461,WO-137,ConceptModule.dll,rtti,.?AVC_AutoTriggerPort@conceptmodule@wh@@,second accepted port class (shares slot 15 with C_InputTriggerPort),none,main,wo137.cpp:954,A,RTTI class and vftable present in retail,"rtti found, 1 vftable; MT control ok",rtti:.?AVC_AutoTriggerPort@conceptmodule@wh@@,Optional (autoTrigVft may be null). Retail image probe (data-verified): rtti present. (code-verified: read in our source)
D-462,WO-137,CrySystem.dll,export,?to_int@variant@rttr@@,variant -> int,none,main,wo137.cpp:956,C,"export absent on retail; class RTTI absent, name-string absent",,exp:?to_int@variant@rttr@@,"rttr library exports from CrySystem.dll; on retail rttr is statically inside WHGame.dll (find via RTTR registration strings or RTTI instead). Retail image probe (data-verified): exp: retail WHGame.dll has only 42 exports, none of ours, so the export route is absent. (code-verified: read in our source)"
D-463,WO-137,CrySystem.dll,export,?get_type@variant@rttr@@,variant -> rttr::type,none,main,wo137.cpp:957,C,"export absent on retail; class RTTI absent, name-string absent",,exp:?get_type@variant@rttr@@,"rttr library exports from CrySystem.dll; on retail rttr is statically inside WHGame.dll (find via RTTR registration strings or RTTI instead). Retail image probe (data-verified): exp: retail WHGame.dll has only 42 exports, none of ours, so the export route is absent. (code-verified: read in our source)"
D-464,WO-137,CrySystem.dll,export,?get_name@type@rttr@@,type -> name string_view,none,main,wo137.cpp:958,C,"export absent on retail; class RTTI absent, name-string absent",,exp:?get_name@type@rttr@@,"rttr library exports from CrySystem.dll; on retail rttr is statically inside WHGame.dll (find via RTTR registration strings or RTTI instead). Retail image probe (data-verified): exp: retail WHGame.dll has only 42 exports, none of ours, so the export route is absent. (code-verified: read in our source)"
D-465,WO-137,QuestModule.dll,rtti,.?AVC_Quest@questmodule@wh@@,quest node identity (nearest C_Quest ancestor = the quest a State belongs to; read_quest),none,main,wo137.cpp:961,A,RTTI class and vftable present in retail,"rtti found, 1 vftable; MT control ok",rtti:.?AVC_Quest@questmodule@wh@@, Retail image probe (data-verified): rtti present. (code-verified: read in our source)
D-466,WO-137,QuestModule.dll,export,??_7C_QuestModule@questmodule@wh@@6B@,"the EXPORTED vftable symbol of C_QuestModule, compared with the vptr of candidates found by RTTI name",none,main,wo137.cpp:962,C,"export absent on retail; class RTTI absent, name-string absent",,exp:??_7C_QuestModule@questmodule@wh@@6B@,"Vftable exported as data symbol (MT debug-style export); retail needs the RTTI route (rtti_name + COL offset already implemented in rtti_name/rtti_offset). Retail image probe (data-verified): exp: retail WHGame.dll has only 42 exports, none of ours, so the export route is absent. (code-verified: read in our source)"
D-467,WO-137,QuestModule.dll,export,?GetObjectives@C_Quest@questmodule@wh@@,"quest objective id vector (16-byte entries, id u32 at +0)",none,main,wo137.cpp:963,C,"export absent on retail; class RTTI present, name-string absent",,exp:?GetObjectives@C_Quest@questmodule@wh@@,"QuestModule export used by the read (Q1) and HUD (Q5) research pieces only; not needed by the State detector or Apply. Retail image probe (data-verified): exp: retail WHGame.dll has only 42 exports, none of ours, so the export route is absent. (code-verified: read in our source)"
D-468,WO-137,QuestModule.dll,export,?GetLevelId@C_Quest@questmodule@wh@@,quest level id,none,main,wo137.cpp:964,C,"export absent on retail; class RTTI present, name-string absent",,exp:?GetLevelId@C_Quest@questmodule@wh@@,"QuestModule export used by the read (Q1) and HUD (Q5) research pieces only; not needed by the State detector or Apply. Retail image probe (data-verified): exp: retail WHGame.dll has only 42 exports, none of ours, so the export route is absent. (code-verified: read in our source)"
D-469,WO-137,QuestModule.dll,export,?GetLastUpdateTime@C_Quest@questmodule@wh@@,quest last update time (i64),none,main,wo137.cpp:965,C,"export absent on retail; class RTTI present, name-string absent",,exp:?GetLastUpdateTime@C_Quest@questmodule@wh@@,"QuestModule export used by the read (Q1) and HUD (Q5) research pieces only; not needed by the State detector or Apply. Retail image probe (data-verified): exp: retail WHGame.dll has only 42 exports, none of ours, so the export route is absent. (code-verified: read in our source)"
D-470,WO-137,QuestModule.dll,export,?GetObjectiveName@C_Objective@questmodule@wh@@,objective name,none,main,wo137.cpp:966,C,"export absent on retail; class RTTI present, name-string absent",,exp:?GetObjectiveName@C_Objective@questmodule@wh@@,"QuestModule export used by the read (Q1) and HUD (Q5) research pieces only; not needed by the State detector or Apply. Retail image probe (data-verified): exp: retail WHGame.dll has only 42 exports, none of ours, so the export route is absent. (code-verified: read in our source)"
D-471,WO-137,QuestModule.dll,export,?GetType@C_Objective@questmodule@wh@@,objective type,none,main,wo137.cpp:967,B,"route via RTTR registration: class RTTI + method-name string ""GetType"" (inferred)",,exp:?GetType@C_Objective@questmodule@wh@@,"QuestModule export used by the read (Q1) and HUD (Q5) research pieces only; not needed by the State detector or Apply. Retail image probe (data-verified): exp: retail WHGame.dll has only 42 exports, none of ours, so the export route is absent. (code-verified: read in our source)"
D-472,WO-137,QuestModule.dll,export,?GetLogType@C_Objective@questmodule@wh@@,objective log type,none,main,wo137.cpp:968,C,"export absent on retail; class RTTI present, name-string absent",,exp:?GetLogType@C_Objective@questmodule@wh@@,"QuestModule export used by the read (Q1) and HUD (Q5) research pieces only; not needed by the State detector or Apply. Retail image probe (data-verified): exp: retail WHGame.dll has only 42 exports, none of ours, so the export route is absent. (code-verified: read in our source)"
D-473,WO-137,QuestModule.dll,export,?GetOrder@C_Objective@questmodule@wh@@,objective order,none,main,wo137.cpp:969,C,"export absent on retail; class RTTI present, name-string absent",,exp:?GetOrder@C_Objective@questmodule@wh@@,"QuestModule export used by the read (Q1) and HUD (Q5) research pieces only; not needed by the State detector or Apply. Retail image probe (data-verified): exp: retail WHGame.dll has only 42 exports, none of ours, so the export route is absent. (code-verified: read in our source)"
D-474,WO-137,QuestModule.dll,export,?GetLastUpdateTime@C_Objective@questmodule@wh@@,objective last update,none,main,wo137.cpp:970,C,"export absent on retail; class RTTI present, name-string absent",,exp:?GetLastUpdateTime@C_Objective@questmodule@wh@@,"QuestModule export used by the read (Q1) and HUD (Q5) research pieces only; not needed by the State detector or Apply. Retail image probe (data-verified): exp: retail WHGame.dll has only 42 exports, none of ours, so the export route is absent. (code-verified: read in our source)"
D-475,WO-137,QuestModule.dll,export,?SetUIHudEvents@C_QuestModule@questmodule@wh@@,install the HUD-sink proxy,none,main,wo137.cpp:971,C,"export absent on retail; class RTTI present, name-string absent",,exp:?SetUIHudEvents@C_QuestModule@questmodule@wh@@,"QuestModule export used by the read (Q1) and HUD (Q5) research pieces only; not needed by the State detector or Apply. Retail image probe (data-verified): exp: retail WHGame.dll has only 42 exports, none of ours, so the export route is absent. (code-verified: read in our source)"
D-476,WO-137,QuestModule.dll,export,?GetUIHudEvents@C_QuestModule@questmodule@wh@@,read the current HUD sink,none,main,wo137.cpp:972,C,"export absent on retail; class RTTI present, name-string absent",,exp:?GetUIHudEvents@C_QuestModule@questmodule@wh@@,"QuestModule export used by the read (Q1) and HUD (Q5) research pieces only; not needed by the State detector or Apply. Retail image probe (data-verified): exp: retail WHGame.dll has only 42 exports, none of ours, so the export route is absent. (code-verified: read in our source)"
D-477,WO-137,GUIModule.dll,rtti,.?AVC_UIHudEvents@guimodule@wh@@ (COL offset 88 = the I_UIHudEventsQuest subobject vftable),"quest HUD sink vftable; identity of the sink that is proxied, and (fallback) slots 0,1 swapped",vtable-swap,engine-any,wo137.cpp:973,A,RTTI class and vftable present in retail,"rtti found, 6 vftable; MT control ok",rtti:.?AVC_UIHudEvents@guimodule@wh@@,Research only (hud on). colOffset 88 is a layout fact of the C_UIHudEvents multiple inheritance. Retail image probe (data-verified): rtti present. (code-verified: read in our source)
D-478,WO-137,Framework.dll,export,?GetModuleByName@C_ModulesManager@framework@wh@@,modules manager lookup (declared; quest module is actually found by the RTTI scan),none,main,wo137.cpp:975,C,"export absent on retail; class RTTI absent, name-string absent",,exp:?GetModuleByName@C_ModulesManager@framework@wh@@,"Resolved but unused on the working path. Retail image probe (data-verified): exp: retail WHGame.dll has only 42 exports, none of ours, so the export route is absent. (code-verified: read in our source)"
D-479,WO-137,ConceptModule.dll,prologue-bytes,"FF 90 50 01 00 00 (call [rax+0x150]) inside the setter; FF 90 08 01 00 00 (call [rax+0x108]) inside C_Node::Execute; 4C 8B 43 68 (mov r8,[rbx+0x68]) two calls below C_Function slot 12","structural proofs that slots 42, 33 and the C_Function method-name offset are what we think",none,worker,wo137.cpp:981,B,"pattern has [200, 200, 27] matches (PGO duplicates); needs a second anchor",pattern matches 200/200/27,pat:FF 90 50 01 00 00|pat:FF 90 08 01 00 00|pat:4C 8B 43 68,"3 short byte patterns; 2 of them encode the slot indices 0x150/0x108 so they are also slot proofs. Register allocation dependent (rbx, rax). Retail image probe (data-verified): pat present (200+ hit(s) in retail .text); pat present (200+ hit(s) in retail .text); pat present (27 hit(s) in retail .text). (code-verified: read in our source)"
D-480,WO-137,ConceptModule.dll,string-anchor,state value changed from '%s' to '%s',the setter trace string used to single out the C_StateVariable setter among its slot-33 call targets (two State classes reference it),none,worker,wo137.cpp:990,B,"string present, 4 referencing function(s); string/RTTI present but not unique or unreferenced in code","str found, 4 fn; MT control ok",str:state value changed from '%s' to '%s',"Anchor for the detector. install() runs on the plugin thread, off main. Retail image probe (data-verified): str present (1 cop, 4 referencing fn). (code-verified: read in our source)"
D-481,WO-137,data/other,data,"wh::rpgmodule::AdvanceWorldTime and wh::conceptmodule::PassLongTime (C_Function method names; matched as the last ""::"" segment)",identify quest time-set nodes,none,main,wo137_rules.h:14,D,"data/working-directory dependency, not an engine binary anchor",,none,Method names stored in quest data + RTTR method registrations. Retail image probe (data-verified): str ABSENT; str ABSENT. (code-verified: read in our source)
D-482,WO-137,data/other,data,"Barbora. (root prefix; database segment ""brambora."" may precede); Barbora.open_world.nextnextgenpunishment",States outside Barbora.* are foreign (Haste/test modules) and never recorded or applied; punishment scope test,none,main,wo137_rules.h:26,D,"data/working-directory dependency, not an engine binary anchor",,none,Path forms of the concept tree (WO-99.5 saw brambora.Barbora...). Must match retail quest data. Retail image probe (data-verified): str ABSENT. (code-verified: read in our source)
D-483,WO-138,Framework.dll,struct-field,"C_ModulesManager::Update signature (void* this, float dt): dt = the game's own frame time (0 while PauseGame holds the timer, divided under Apse)",frame meter / pause and slow-time detection,none,main,main_thread.cpp:31,B,"depends on parent ""C_ModulesManager::Update"" which has a retail route",,offset-of:C_ModulesManager::Update,1 argument semantics read live (WO-138); retail semantics unverified.
D-484,WO-138,multi,string-anchor,"reflection names ""health"" (soul state), ""IsDead"", ""IsUnconscious"" (soul), ""HasWeaponInHand"" (combat soul)","attribute reads of every tracked NPC via rttr (rttr_abi.cpp, other file)",none,main,wo138.cpp:331,A,"string present, 3 referencing function(s); string found in retail and referenced by exactly one function","str found, 3 fn; str found, 1 fn; str found, 3 fn; MT control ok",str:IsUnconscious|str:HasWeaponInHand|str:IsDead,4 names passed to rttr::soul_state/soul_bool/combat_bool; property vs method resolution lives in rttr_abi.cpp. Retail WHGame.dll/KingdomCome.exe scan (data-verified): str 24 hits; str 1 hit; str 10 hits.
D-485,WO-138,CryAction.dll,string-anchor,"""CCryAction::PauseGame(), source:%d pause:%c, nFadeOutInMS:%d""",find CCryAction::PauseGame: exactly ONE function may reference this log string,none,worker,wo138.cpp:63,C,anchor string absent in retail,str absent; MT control ok,"str:CCryAction::PauseGame(), source:%d pause:%c, nFadeOutInMS:%d",Install on the injection thread (OFF-MAIN image scan). count != 1 -> gate NOT armed (WO138-GATE). Retail WHGame.dll/KingdomCome.exe scan (data-verified): str 0 hits.
D-486,WO-138,CryAction.dll,prologue-bytes,"CCryAction::PauseGame(this, bool pause, uint16 source, bool force, uint32 fadeMs) prologue 48 89 5C 24 08 48 89 74 24 18 48 89 7C 24 20 (CryAction.dll+0x86EC0)","entry gate: decline a PAUSE from a masked source (ESC menu = source 7, video = 4) while a session is live",inline-gate,engine-any,wo138.cpp:65,B,pattern ambiguous/absent but string or RTTI route exists,"str absent; rtti found, 1 vftable; pattern matches 200; MT control ok","via-str:CCryAction::PauseGame(), source:%d pause:%c, nFadeOutInMS:%d|via-rtti:.?AVCCryAction@@|pat:48 89 5C 24 08 48 89 74 24 18 48 89 7C 24 20","15-byte prologue, no RIP-relative operand; gate returns true = skip original (void function, plain ret). Resumes always run. Retail WHGame.dll/KingdomCome.exe scan (data-verified): via-str 0 hits; via-rtti 1 hit; pat 508 hits (a raw byte pattern with several hits does not identify the function alone)."
D-487,WO-138,CryAction.dll,struct-field,CCryAction pause counters: int32[13] at this+0x08+source*4 (paused while any non-zero; 0..1000 sane),held-source mask (frozen-world meter) and the A/B proof,none,main,wo138.cpp:67,B,"depends on parent ""CCryAction::PauseGame"" which has no retail anchor; owning class CCryAction has RTTI in retail; layout/slot must be re-derived from its methods (inferred)",,offset-of:CCryAction::PauseGame,"13 slots; source enum: 0 FlowGraphNode, 1 FlowGraphDebugger, 2 ScriptBind, 3 ProfileManager, 4 VideoMode, 5 GameOver, 6 CCET_PauseGame, 7 InGameMenu, 8/9 unnamed, 10 RenderViewPort, 11 XboxPlatform, 12 Photomode (names read off the image's formatter)."
D-488,WO-138,CryAction.dll,global,CCryAction singleton found by image scan: .rdata slot == PauseGame -> walk back the code-pointer run to the vtable start (PauseGame = vtable slot 13) -> .data pointer whose object's vptr == that vtable (CryAction.dll .data+0x3C248),instance for the held-source counters and for op 9 live-check calls,none,main,wo138.cpp:92,B,owning function/class exists in retail; layout/offset must be re-derived,"rtti found, 1 vftable; MT control ok",via-rtti:.?AVCCryAction@@,"Needs CryAction.dll sections .rdata/.data/.text (split-module assumption); first attempt runs at install on the injection thread (OFF-MAIN read), retried every 5 s from the frame meter. Also learned from any call through the gate (this). Retail WHGame.dll/KingdomCome.exe scan (data-verified): via-rtti 1 hit."
D-489,WO-138,CryAction.dll,struct-field,"PauseGame source enum values used by policy: ScriptBind=2, VideoMode=4, GameOver=5, InGameMenu=7 (mask bit = 1<<source; default mask 1<<7; sources kSrcCount=13)",what the gate may decline,none,main,wo138_rules.h:132,C,no retail evidence,,none,"4 enum values copied from the engine; the ESC menu is source 7 (observed live: held 0x80), video 4 (held 0x10)."
D-490,WO-139,multi,string-anchor,"relation context ""combat_forcedTarget""",make a guard fight a joiner's avatar (set/cleared via the relation setter in script_context.cpp),none,main,wo139.cpp:106,D,"data-carried name: absent from the retail binary as a literal but present in game data (Scripts.pak:AI/battles/battlegroupcontroller.xml), which is identical in both builds",str absent; MT control anchor not found in any MT module,str:combat_forcedTarget,Game-data name; refcounted store: only pairs we set are cleared. Retail WHGame.dll/KingdomCome.exe scan (data-verified): str 0 hits.
D-491,WO-139,GUIModule.dll,string-anchor,"""SetTrespassState""","find C_UIHudStates::SetTrespassState: of the functions loading this string (RIP-relative lea), exactly one has the implementation prologue (the other is the RTTR registration)",none,worker,wo139.cpp:157,B,"string present, 2 referencing function(s); string/RTTI present but not unique or unreferenced in code","str found, 2 fn; MT control ok",str:SetTrespassState,Install on the injection thread (OFF-MAIN image scan of .text). Retail WHGame.dll/KingdomCome.exe scan (data-verified): str 1 hit.
D-492,WO-139,GUIModule.dll,prologue-bytes,"C_UIHudStates::SetTrespassState(this, int level) 17-byte prologue 48 89 5C 24 08 89 54 24 10 57 48 83 EC 20 48 8B F9 (GUIModule.dll+0x27EBB0)",anchor only (not hooked): proves the listener's tail-jump target,none,worker,wo139.cpp:25,B,"string present, 2 referencing function(s); pattern ambiguous/absent but string or RTTI route exists","str found, 2 fn; rtti found, 3 vftable; pattern matches 5; MT control ok",via-str:SetTrespassState|via-rtti:.?AVC_UIHudStates@guimodule@wh@@|pat:48 89 5C 24 08 89 54 24 10 57 48 83 EC 20 48 8B F9,Exactly one matching loader required. Retail WHGame.dll/KingdomCome.exe scan (data-verified): via-str 1 hit; via-rtti 1 hit; pat 5 hits (a raw byte pattern with several hits does not identify the function alone).
D-493,WO-139,GUIModule.dll,prologue-bytes,"trespass listener (this, uint8 level in dl): the ONE function that tail-jumps (E9 rel32) to SetTrespassState, prologue 48 89 5C 24 08 57 48 83 EC 20 48 8B F9 0F B6 DA (GUIModule.dll+0x27E4C0)",gated pass-through: record every trespass level the actor's signal tells the HUD,inline-gate,engine-any,wo139.cpp:30,B,pattern has [52] matches (PGO duplicates); needs a second anchor,pattern matches 52,pat:48 89 5C 24 08 57 48 83 EC 20 48 8B F9 0F B6 DA,16-byte prologue; the tail-jump structure is a compile artifact (LTO thunk) that may not exist on retail. Gate never refuses. Retail WHGame.dll/KingdomCome.exe scan (data-verified): pat 52 hits (a raw byte pattern with several hits does not identify the function alone).
D-494,WO-139,GUIModule.dll,struct-field,"trespassLevel enum: 0 public, 1 semipublic, 2 semipersonal, 3 personal, 4 prohibited (0xFF = none yet); HUD warns for 3 and 4",trespass policy (is_trespassing),none,main,wo139_rules.h:12,C,no retail evidence,,none,"5 enum values from concept type trespassLevel (IPL_GameData Libs/concept/definitions.xml); HUD mapping 1,2 -> 0 code-verified."
D-495,WO-139,multi,string-anchor,"entity-context names crime_suppressMeleeStealthHitReaction, crime_ignoredCorpse, crime_ignoredUnconsciousBody, crime_ignoredNPCHitVolume, crime_ignoredHorseTheft_Horse","allow-listed contexts written on a victim/horse via the context manager (script_context.cpp, other file)",none,main,wo139_rules.h:34,D,"data-carried name: absent from the retail binary as a literal but present in game data (Scripts.pak:AI/npc/basic/switch/handleAwareness_animal_corpse.xml), which is identical in both builds",str absent; MT control anchor not found in any MT module,str:crime_ignoredCorpse,5 game-data strings (Tables ai/ScriptContext.xml) consulted by the crime behaviour trees. Retail WHGame.dll/KingdomCome.exe scan (data-verified): str 0 hits.
D-496,WO-140,PlayerModule.dll,string-anchor,"""wh::playermodule::C_SkipTime::ShowDialog""",find C_SkipTime::ShowDialog (exactly one referencing function + exact prologue),none,worker,wo140.cpp:169,C,anchor string absent in retail,str absent; MT control ok,str:wh::playermodule::C_SkipTime::ShowDialog,Install on the injection thread (OFF-MAIN image scan). Retail WHGame.dll/KingdomCome.exe scan (data-verified): str 0 hits.
D-497,WO-140,RPGModule.dll,string-anchor,"""wh::rpgmodule::C_Calendar::SetWorldTime""",find the calendar setter (exactly one loader + prologue),none,worker,wo140.cpp:192,C,anchor string absent in retail,str absent; MT control ok,str:wh::rpgmodule::C_Calendar::SetWorldTime,Install on the injection thread (OFF-MAIN image scan). Retail WHGame.dll/KingdomCome.exe scan (data-verified): str 0 hits.
D-498,WO-140,PlayerModule.dll,prologue-bytes,"C_SkipTime::ShowDialog(this, int id, float, float, const S16* spot, float) prologue 48 8B C4 48 89 58 08 48 89 70 10 48 89 78 18 55 (PlayerModule.dll+0x4C5BF0)",entry gate: a sleep/wait/read picker that was not voted does not open (return false),inline-gate,engine-any,wo140.cpp:22,B,pattern ambiguous/absent but string or RTTI route exists,"str absent; rtti found, 1 vftable; pattern matches 200; MT control ok",via-str:wh::playermodule::C_SkipTime::ShowDialog|via-rtti:.?AVC_SkipTime@playermodule@wh@@|pat:48 8B C4 48 89 58 08 48 89 70 10 48 89 78 18 55,"16-byte prologue; gate kept args: xmm2/xmm3 and stack args 5/6 (next row); gated ids 1 wait, 2 sleep, 4 read only. Retail WHGame.dll/KingdomCome.exe scan (data-verified): via-str 0 hits; via-rtti 1 hit; pat 4289 hits (a raw byte pattern with several hits does not identify the function alone)."
D-499,WO-140,RPGModule.dll,prologue-bytes,"C_Calendar::SetWorldTime(this, int64 ms) prologue 48 89 5C 24 08 48 89 74 24 10 57 48 83 EC 40 48 8B D9 48 8B FA (RPGModule.dll+0x189ED0)",joiner clock pull (called after lowering ms by 1),none,main,wo140.cpp:26,B,pattern ambiguous/absent but string or RTTI route exists,"str absent; rtti found, 1 vftable; str found, 1 fn; pattern matches 2; MT control ok",via-str:wh::rpgmodule::C_Calendar::SetWorldTime|via-rtti:.?AVC_Calendar@rpgmodule@wh@@|str:SetWorldTime|pat:48 89 5C 24 08 48 89 74 24 10 57 48 83 EC 40 48 8B D9 48 8B FA,Refuses a time lower than current (engine log 'World time must not be set backwards'). Retail WHGame.dll/KingdomCome.exe scan (data-verified): via-str 0 hits; via-rtti 1 hit; str 2 hits; pat 2 hits (a raw byte pattern with several hits does not identify the function alone).
D-500,WO-140,PlayerModule.dll,export,?I@C_SkipTime@playermodule@wh@@SAAEAV123@XZ,C_SkipTime function-local-static instance accessor,none,main,wo140.cpp:29,B,"route via RTTR registration: class RTTI + method-name string ""I"" (inferred)",,exp:?I@C_SkipTime@playermodule@wh@@SAAEAV123@XZ,"Exported only because PlayerModule is a separate DLL; absent on retail (monolith, no export) - needs another way to reach the singleton. Retail WHGame.dll/KingdomCome.exe scan (data-verified): exp 0 hits."
D-501,WO-140,PlayerModule.dll,struct-field,"C_SkipTime: state uint32 @+0x68 (0 idle, 1 picker, 2/3 skipping), skip id @+0x6C, chosen hours float @+0x74 (written by OnAcceptDialog)",frame-edge detector for the vote (opened/began/backed-out/ended) and the asker's hours,none,main,wo140.cpp:32,B,"parent ""C_SkipTime::I"" unresolved; owning class C_SkipTime has RTTI in retail; layout/slot must be re-derived from its methods (inferred)",,offset-of:C_SkipTime::I,3 fields + enum; observed 0-1-2-3-1-0 for a confirmed sleep (WO-140 p2).
D-502,WO-140,Shared.dll,struct-field,C_GameInterface +0x1B0 = C_Calendar* (the pointer C_GameInterface::SetCalendar stores),world clock object,none,main,wo140.cpp:33,B,"depends on parent ""wh::GetGameIface"" which has no retail anchor; owning class C_Calendar has RTTI in retail; layout/slot must be re-derived from its methods (inferred)",,offset-of:wh::GetGameIface,From disassembly of SetCalendar; unvalidated pointer read (null/fault -> kRFailed).
D-503,WO-140,RPGModule.dll,struct-field,C_Calendar +0x68 = world time in ms (int64),read the clock; pull = write (target-1) then call SetWorldTime(target),none,main,wo140.cpp:34,B,"depends on parent ""C_Calendar::SetWorldTime"" which has a retail route",,offset-of:C_Calendar::SetWorldTime,Direct 8-byte write into an engine object (main thread). Stale-by-design trick: a write during a skip ends it.
D-504,WO-140,PlayerModule.dll,vtable-slot,"C_SkipTime vtbl slot 14 == ShowDialog (checked at first use, else nothing arms)",validate the instance (trust gate),none,main,wo140.cpp:35,B,class vtable present in retail; slot number/meaning must be re-verified,"rtti found, 1 vftable; MT control ok",via-rtti:.?AVC_SkipTime@playermodule@wh@@,Slot 14 must EQUAL the prologue-verified function pointer; on mismatch 'instance NOT trusted'. Retail WHGame.dll/KingdomCome.exe scan (data-verified): via-rtti 1 hit.
D-505,WO-140,PlayerModule.dll,vtable-slot,"C_SkipTime vtbl slot 5 StartSkipTime(this, int id, uint32 hours-as-float-bits in r8, const void* spot16) (what wh_pl_ForcedSkipTime calls)",the accepter's own sleep screen with the chosen hours,none,main,wo140.cpp:35,B,class vtable present in retail; slot number/meaning must be re-verified,"rtti found, 1 vftable; MT control ok",via-rtti:.?AVC_SkipTime@playermodule@wh@@,Slot number from disassembly (WO-140 s1); not byte-validated. Called with a 2 s approval window so its ShowDialog passes our gate. Retail WHGame.dll/KingdomCome.exe scan (data-verified): via-rtti 1 hit.
D-506,WO-140,PlayerModule.dll,vtable-slot,"C_SkipTime vtbl slot 6 Stop(this, int 0, bool false)",end the running skip when the partner wakes,none,main,wo140.cpp:35,B,class vtable present in retail; slot number/meaning must be re-verified,"rtti found, 1 vftable; MT control ok",via-rtti:.?AVC_SkipTime@playermodule@wh@@,Slot from disassembly; not byte-validated. Retail WHGame.dll/KingdomCome.exe scan (data-verified): via-rtti 1 hit.
D-507,WO-140,PlayerModule.dll,struct-field,"C_SkipTime ids: 1 Wait, 2 Sleep, 4 Read, 5 jail, 6 unconscious, 14 Fake Sleep (hidden stats)",which skips are gated / startable,none,main,wo140_rules.h:14,B,owning class C_SkipTime has RTTI in retail; layout/slot must be re-derived from its methods (inferred),,none,6 values from Tables rpg/skiptime.xml (game data).
D-508,WO-140,PlayerModule.dll,struct-field,"hooked ShowDialog frame: thunk ret->T +8, saved xmm2 @T+0x40, xmm3 @T+0x50, entry rsp E = T+0x88, stack arg5 @E+0x28 (spot ptr), arg6 @E+0x30 (float)",copy the picker's arguments so the kept picker can be shown again with the same arguments,none,engine-any,wo140_rules.h:73,B,"depends on parent ""C_SkipTime::ShowDialog"" which has no retail anchor; owning class C_SkipTime has RTTI in retail; layout/slot must be re-derived from its methods (inferred)",,offset-of:C_SkipTime::ShowDialog,"6 constants = Win64 ABI + OUR inline_hook thunk frame, but they presuppose ShowDialog's float/stack-arg signature."
D-509,WO-141,multi,struct-field,GameIface+0x188 -> actor system; actorSystem vtbl[0x18](entityId),"any actor (wolf, dog, boar) by entity id, the lookup FUN_180B3C2D0 makes before its human-only predicate",none,main,combat_construct.cpp:402,C,"depends on parent ""GetGameIface"" which has no retail anchor",,offset-of:GetGameIface,"(code-verified) 2 constants: gameIface+0x188 pointer then vtable byte offset 0x18 (slot 3) called with the entity id. Live-checked against the human resolver on the first swing (logs 'actor lookups agree'). Without it animal swings (WO-141) return target-missing. Same lookup repeated in hits.cpp:238, motion.cpp:309 (its presence is byte-checked there: 48 8B 88 88 01 00 00, FF 50 18, 48 8B 91 70 09 00 00 inside the C_SetGuardZone test command Execute), wo131.cpp:47 (4 copies, 1 dependency)."
D-510,WO-141,XGenAIModule.dll,global,XGenAIModule.dll+0x2E52F08 (NPC manager pointer slot),mgr->vtbl[0x20](&entityId) -> the body's XGenAI object,none,main,wo141.cpp:179,C,no retail evidence,str absent; MT control ok,via-str:wh::xgenaimodule::NPCState::C_NPCStateDebug::ResetCurrentStateElementCommand,"Fixed RVA, accepted only if function_refs(ResetCurrentStateElementCommand, slot). A retail port must DERIVE the slot from the RIP-relative reference in that function (the RVA is MT-only). Retail WHGame.dll/KingdomCome.exe scan (data-verified): via-str 0 hits."
D-511,WO-141,XGenAIModule.dll,global,XGenAIModule.dll+0x2E55FC8 (WUID service pointer slot),WUID -> object -> IEntity*,none,main,wo141.cpp:180,C,no retail evidence,str absent; MT control ok,via-str:wh::xgenaimodule::C_ScriptBindXGenAIModule::GetEntityByWUID,"Fixed RVA accepted only if function_refs(GetEntityByWUID, slot); retail must derive from that function's reference. Retail WHGame.dll/KingdomCome.exe scan (data-verified): via-str 0 hits."
D-512,WO-141,XGenAIModule.dll,global,"XGenAIModule.dll+0x2E41928 (std::vector<S_Unstance> unstance database: begin +0, end +8; stride 0xB0; char* name at entry+0)","unstance id <-> name (logs, research, WO141 op 8 Show)",none,main,wo141.cpp:181,C,no retail evidence,str absent; MT control ok,via-str:wh::xgenaimodule::NPCState::C_UnstanceElement::DebugInitFromString,"Fixed RVA validated by function_refs(DebugInitFromString); layout facts: stride 0xB0, name ptr at +0 (3 facts). Retail: derive via that function's reference; the database has 654 rows on 1.5.5 (NPCStateUnstanceDatabase.xml). Retail WHGame.dll/KingdomCome.exe scan (data-verified): via-str 0 hits."
D-513,WO-141,XGenAIModule.dll,prologue-bytes,XGenAIModule.dll+0x1898330 prologue 4C 8B DC 55 57 41 57 48 81 EC 70 01 00 00 (state -> CryString text),the game's own text of a state (logs/research only),none,main,wo141.cpp:183,C,pattern has 0 matches in retail,pattern matches 0,pat:4C 8B DC 55 57 41 57 48 81 EC 70 01 00 00,"Fixed RVA gated by exact prologue; called as f(state, CryString** out, uint8 0); leaks ~100 B per call. Optional: absent -> logs only. Retail WHGame.dll/KingdomCome.exe scan (data-verified): pat 0 hits."
D-514,WO-141,XGenAIModule.dll,prologue-bytes,XGenAIModule.dll+0xD62000 prologue 40 53 48 83 EC 20 48 63 D9 (stance id -> const char*),log stance names (research/logs),none,main,wo141.cpp:184,B,pattern has [2] matches (PGO duplicates); needs a second anchor,pattern matches 2,pat:40 53 48 83 EC 20 48 63 D9,Fixed RVA gated by exact prologue; optional. Retail WHGame.dll/KingdomCome.exe scan (data-verified): pat 2 hits (a raw byte pattern with several hits does not identify the function alone).
D-515,WO-141,XGenAIModule.dll,vtable-slot,NPC manager vtbl+0x20 (const uint32* entityId) -> XGenAI object,entity id -> NPC object (also wo143 npc_object),none,main,wo141.cpp:188,C,"depends on parent ""NPC manager"" which has no retail anchor",,offset-of:NPC manager,"Not byte-validated; result + 0x9C0 is vftable-checked as C_NPCContext, which cross-validates it."
D-516,WO-141,XGenAIModule.dll,struct-field,XGenAI object +0x9C0 = embedded C_NPCContext,context of a body,none,main,wo141.cpp:189,C,"depends on parent ""NPC manager"" which has no retail anchor",,offset-of:NPC manager,Validated by the vftable check on the context (RTTI C_NPCContext).
D-517,WO-141,XGenAIModule.dll,struct-field,C_NPCContext +0x90 = C_NPCCurrentState (embedded),read the body's current activity / hands; also prepare_request reads slot 4,none,main,wo141.cpp:190,B,"depends on parent ""C_NPCContext"" which has no retail anchor; owning class C_NPCCurrentState has RTTI in retail; layout/slot must be re-derived from its methods (inferred)",,offset-of:C_NPCContext,Live reads checked against the game's own state text (FUN_181898330).
D-518,WO-141,XGenAIModule.dll,struct-field,"C_NPCContext +0x180 = C_NPCRequiredState (the LOADED state, embedded)",the state the apply clears and refills,none,main,wo141.cpp:191,B,"depends on parent ""C_NPCContext"" which has no retail anchor; owning class C_NPCRequiredState has RTTI in retail; layout/slot must be re-derived from its methods (inferred)",,offset-of:C_NPCContext,Validated by vftable check (RTTI C_NPCRequiredState) before each write.
D-519,WO-141,XGenAIModule.dll,struct-field,C_NPCContext +0x5E8 = pending state-change request id (-1 none),research verb 'state' only,none,main,wo141.cpp:192,C,"depends on parent ""C_NPCContext"" which has no retail anchor",,offset-of:C_NPCContext,Read-only diagnostics; not needed to run.
D-520,WO-141,XGenAIModule.dll,struct-field,"state element vector: begin @+0x10, end @+0x18; entries are 16-byte shared_ptr (ptr, ctrl); needs >=6 entries (<=256 sane)",locate an element by slot in a current or loaded state,none,main,wo141.cpp:193,B,"depends on parent ""C_NPCStateBase"" which has a retail route",,offset-of:C_NPCStateBase,"3 facts (two offsets, entry stride 16). MSVC std::vector<std::shared_ptr<I_Element>> layout assumed."
D-521,WO-141,XGenAIModule.dll,struct-field,C_NPCStateBase +0x30 dirty flag (written 0 after a slot write),tell the state its elements changed,none,main,wo141.cpp:195,B,"depends on parent ""C_NPCStateBase"" which has a retail route",,offset-of:C_NPCStateBase,1 byte written; purpose inferred from DebugAddElement's own insertion.
D-522,WO-141,XGenAIModule.dll,vtable-slot,C_NPCStateBase vtbl+0x38 (slot 7) Clear (stance values kept),clear the loaded state's leftovers before filling it,none,main,wo141.cpp:196,B,class vtable present in retail; slot number/meaning must be re-verified,"rtti found, 1 vftable; MT control ok",via-rtti:.?AVC_NPCRequiredState@NPCState@xgenaimodule@wh@@,Called through the loaded state's vftable; called as void f(state). Retail WHGame.dll/KingdomCome.exe scan (data-verified): via-rtti 1 hit.
D-523,WO-141,XGenAIModule.dll,vtable-slot,C_NPCStateBase vtbl+0x50 (slot 10) 'an element was added',notify the state after a slot insert,none,main,wo141.cpp:197,B,class vtable present in retail; slot number/meaning must be re-verified,"rtti found, 1 vftable; MT control ok",via-rtti:.?AVC_NPCRequiredState@NPCState@xgenaimodule@wh@@,"Called as void f(state, elementPtr); mirrors DebugAddElement. Retail WHGame.dll/KingdomCome.exe scan (data-verified): via-rtti 1 hit."
D-524,WO-141,XGenAIModule.dll,vtable-slot,WUID service vtbl+0x10 (const uint64* wuid) -> object; object vtbl+0x10 () -> IEntity*,resolve an item/object/entity WUID to its entity,none,main,wo141.cpp:198,C,"depends on parent ""WUID service"" which has no retail anchor",,offset-of:WUID service,"2 slots (service and object), not byte-validated; result is checked indirectly by entity use."
D-525,WO-141,XGenAIModule.dll,struct-field,"C_StanceElement/C_StanceElementRequired: stance id uint32 @+0x28 (valid 0..7), object WUID uint64 @+0x30, cart slot uint8 @+0x38",read and build the stance,none,main,wo141.cpp:199,B,"depends on parent ""C_StanceElement"" which has a retail route",,offset-of:C_StanceElement,3 fields read and written. Written into a freshly created Required element (apply).
D-526,WO-141,XGenAIModule.dll,struct-field,"C_UnstanceElement: unstance id uint32 @+0x28 (index into the database, <0xFFFF), location WUID uint64 @+0x30; hand items right @+0x60, left @+0x68 (WUIDs)",read and build the unstance incl. the tools it names,none,main,wo141.cpp:200,B,"depends on parent ""C_UnstanceElement"" which has a retail route",,offset-of:C_UnstanceElement,5 fields (+0x60/+0x68 written from WO-143's hands; found in the object's text function XGenAI+0x187D540).
D-527,WO-141,CrySystem.dll,struct-field,"rttr ABI: rttr::type = one pointer; rttr::variant = {uint8 data[16], void* policy}, std::shared_ptr stored inline when policy != 0; argument vector = {begin,end,cap} (empty)",call create/get_by_name/variant dtor by hand,none,main,wo141.cpp:209,C,"depends on parent ""rttr::type::create"" which has no retail anchor",,offset-of:rttr::type::create,3 struct facts; matches rttr_abi.cpp (other agent's file). Variant policy non-null is the success test.
D-528,WO-141,multi,struct-field,"MSVC std::shared_ptr control block: use count int32 @ctrl+0x08, weak count @ctrl+0x0C, ctrl vtbl slot 0 (+0x00) _Destroy, slot 1 (+0x08) _Delete_this",take and drop references on elements we put into engine states,none,main,wo141.cpp:252,C,no retail evidence,,none,4 STL-ABI facts used by sp_create/sp_release and wo143 request teardown; assumes the retail build uses the same MSVC STL layout.
D-529,WO-141,XGenAIModule.dll,struct-field,"WUID encoding: valid iff (w & 0x00FFFFFFFFFFFFFF) not 0 and not 0x00FFFFFFFFFFFFFF; high byte = type (0x08 smart object, 0x05 soul, 0x0A linkable, 0x02 item)",reject the invalid-WUID marker; objects travel as level entity GUIDs instead,none,main,wo141.cpp:292,C,no retail evidence,,none,"Encoding observed live (WO-141 s1); the run index part is per-machine, hence GUIDs on the wire."
D-530,WO-141,XGenAIModule.dll,struct-field,"state element slots: [0] Stance, [1] LeftHand, [2] RightHand, [3] Unstance, [4] ChangeEquipment, [5] Minigame (further extras follow)",which element a fixed index holds,none,main,wo141.cpp:360,B,"depends on parent ""C_NPCStateBase"" which has a retail route",,offset-of:C_NPCStateBase,"6 slot indices, read live against the game's state text; kSlotEquipment=4 (wo141.cpp:230), hands 1/2 (wo143_rules.h:31). Apply writes slots 0,3,1,2,4 into the loaded state; state_set_slot refuses slot > 5."
D-531,WO-141,XGenAIModule.dll,struct-field,"C_MinigameElement: type uint8 @+0x28, object WUID @+0x30 (+0x38 slot noted)",read the player's minigame,none,main,wo141.cpp:373,B,"depends on parent ""C_MinigameElement"" which has a retail route",,offset-of:C_MinigameElement,"2 fields read; never written (minigame is shown through the WO-143 request, not applied)."
D-532,WO-141,XGenAIModule.dll,rtti,.?AVC_NPCContext@NPCState@xgenaimodule@wh@@,vftable identity of a body's NPC-state context (checked on every lookup),none,main,wo141.cpp:901,C,class RTTI absent in retail,rtti absent; MT control ok,rtti:.?AVC_NPCContext@NPCState@xgenaimodule@wh@@,Missing -> activities NOT ARMED (read and apply). Retail WHGame.dll/KingdomCome.exe scan (data-verified): rtti 0 hits.
D-533,WO-141,XGenAIModule.dll,rtti,.?AVC_StanceElement@NPCState@xgenaimodule@wh@@,identify the current state's stance element (slot 0),none,main,wo141.cpp:902,A,RTTI class and vftable present in retail,"rtti found, 1 vftable; MT control ok",rtti:.?AVC_StanceElement@NPCState@xgenaimodule@wh@@,Missing -> read not armed. Retail WHGame.dll/KingdomCome.exe scan (data-verified): rtti 1 hit.
D-534,WO-141,XGenAIModule.dll,rtti,.?AVC_StanceElementRequired@NPCState@xgenaimodule@wh@@,identify a stance element built for the loaded state,none,main,wo141.cpp:903,A,RTTI class and vftable present in retail,"rtti found, 1 vftable; MT control ok",rtti:.?AVC_StanceElementRequired@NPCState@xgenaimodule@wh@@,Also accepted when reading slot 0 of the current state; missing -> apply not armed. Retail WHGame.dll/KingdomCome.exe scan (data-verified): rtti 1 hit.
D-535,WO-141,XGenAIModule.dll,rtti,.?AVC_UnstanceElement@NPCState@xgenaimodule@wh@@,identify the unstance element (slot 3),none,main,wo141.cpp:904,A,RTTI class and vftable present in retail,"rtti found, 1 vftable; MT control ok",rtti:.?AVC_UnstanceElement@NPCState@xgenaimodule@wh@@,Missing -> read not armed. Retail WHGame.dll/KingdomCome.exe scan (data-verified): rtti 1 hit.
D-536,WO-141,XGenAIModule.dll,rtti,.?AVC_MinigameElement@NPCState@xgenaimodule@wh@@,"identify the minigame element (slot 5, the player's)",none,main,wo141.cpp:905,A,RTTI class and vftable present in retail,"rtti found, 1 vftable; MT control ok",rtti:.?AVC_MinigameElement@NPCState@xgenaimodule@wh@@,Missing -> read not armed. Retail WHGame.dll/KingdomCome.exe scan (data-verified): rtti 1 hit.
D-537,WO-141,XGenAIModule.dll,rtti,.?AVC_NPCRequiredState@NPCState@xgenaimodule@wh@@,identify the context's LOADED state (ctx+0x180) before writing it,none,main,wo141.cpp:906,A,RTTI class and vftable present in retail,"rtti found, 1 vftable; MT control ok",rtti:.?AVC_NPCRequiredState@NPCState@xgenaimodule@wh@@,Missing -> apply not armed (slot 7 = its Clear is called through it). Retail WHGame.dll/KingdomCome.exe scan (data-verified): rtti 1 hit.
D-538,WO-141,XGenAIModule.dll,string-anchor,"""wh::xgenaimodule::NPCState::C_NPCContext::ExecuteStateChangeIntoLoadedState""","the game's own post-load placement (runs the LOADED state on a body, in one frame, on a paused body too)",none,main,wo141.cpp:907,C,anchor string absent in retail,str absent; MT control ok,str:wh::xgenaimodule::NPCState::C_NPCContext::ExecuteStateChangeIntoLoadedState,"function_by_string must resolve a function; called as uint8 f(ctx), result stored as 'exec'. Missing -> apply not armed. Retail WHGame.dll/KingdomCome.exe scan (data-verified): str 0 hits."
D-539,WO-141,XGenAIModule.dll,string-anchor,"""wh::xgenaimodule::NPCState::C_NPCContext::ClearCurrentSearchState""",resolved but never called (g_clearSearch is assigned and unused),none,main,wo141.cpp:908,C,anchor string absent in retail,str absent; MT control ok,str:wh::xgenaimodule::NPCState::C_NPCContext::ClearCurrentSearchState,Dead dependency; does not gate arming. Retail WHGame.dll/KingdomCome.exe scan (data-verified): str 0 hits.
D-540,WO-141,XGenAIModule.dll,string-anchor,"""wh::xgenaimodule::NPCState::C_NPCStateDebug::ResetCurrentStateElementCommand""",reference function that validates the NPC-manager global (its RIP-relative operand must equal XGenAI+0x2E52F08),none,main,wo141.cpp:909,C,anchor string absent in retail,str absent; MT control ok,str:wh::xgenaimodule::NPCState::C_NPCStateDebug::ResetCurrentStateElementCommand,The string is a debug-console command body; may be stripped on retail (debug class). Retail WHGame.dll/KingdomCome.exe scan (data-verified): str 0 hits.
D-541,WO-141,XGenAIModule.dll,string-anchor,"""wh::xgenaimodule::C_ScriptBindXGenAIModule::GetEntityByWUID""",reference function that validates the WUID-service global,none,main,wo141.cpp:910,C,anchor string absent in retail,str absent; MT control ok,str:wh::xgenaimodule::C_ScriptBindXGenAIModule::GetEntityByWUID,Lua binding body; likely present on retail. Retail WHGame.dll/KingdomCome.exe scan (data-verified): str 0 hits.
D-542,WO-141,XGenAIModule.dll,string-anchor,"""wh::xgenaimodule::NPCState::C_UnstanceElement::DebugInitFromString""",reference function that validates the unstance-database global,none,main,wo141.cpp:911,C,anchor string absent in retail,str absent; MT control ok,str:wh::xgenaimodule::NPCState::C_UnstanceElement::DebugInitFromString,Debug-only function; may be stripped on retail. Retail WHGame.dll/KingdomCome.exe scan (data-verified): str 0 hits.
D-543,WO-141,XGenAIModule.dll,prologue-bytes,XGenAIModule.dll+0x5B7400 prologue 40 53 48 83 EC 20 0F B6 D9 (minigame type uint8 -> const char*),research verb 'minigames',none,main,wo141.cpp:922,B,pattern has [2] matches (PGO duplicates); needs a second anchor,pattern matches 2,pat:40 53 48 83 EC 20 0F B6 D9,Fixed RVA gated by exact prologue; research only. Retail WHGame.dll/KingdomCome.exe scan (data-verified): pat 2 hits (a raw byte pattern with several hits does not identify the function alone).
D-544,WO-141,CrySystem.dll,export,?create@type@rttr@@QEBA?AVvariant@2@V?$vector@Vargument@rttr@@,rttr::type::create(args) -> variant holding std::shared_ptr<T>,none,main,wo141.cpp:927,C,"export absent on retail; class RTTI absent, name-string present",,exp:?create@type@rttr@@QEBA?AVvariant@2@V?$vector@Vargument@rttr@@,Anchor is a prefix of the decorated export. Used to build Stance/Unstance/Hand elements with the classes' own constructors. Retail WHGame.dll/KingdomCome.exe scan (data-verified): exp 0 hits.
D-545,WO-141,XGenAIModule.dll,string-anchor,"""wh::xgenaimodule::NPCState::StanceElementRequired"" and ""wh::xgenaimodule::NPCState::UnstanceElement"" (rttr registered names, no C_ prefix)",bind the rttr types used to build elements,none,main,wo141.cpp:930,A,string found in retail and referenced by exactly one function,"str found, 1 fn; str found, 1 fn; MT control ok",str:wh::xgenaimodule::NPCState::StanceElementRequired|str:wh::xgenaimodule::NPCState::UnstanceElement,2 names; must appear in the rttr registry (string literal in the reflection registration). Retail WHGame.dll/KingdomCome.exe scan (data-verified): str 1 hit; str 1 hit.
D-546,WO-141,XGenAIModule.dll,struct-field,"stance enum: 0 undefined, 1 standing, 2 lying, 3 sitting, 4 kneel, 5 horse, 6 crouch, 7 cart",interpret and synthesise stance ids,none,main,wo141_rules.h:19,B,"depends on parent ""C_StanceElement"" which has a retail route",,offset-of:C_StanceElement,"8 enum values copied from the game's stance names (function at XGenAI+0xD62000 prints them); synced = 2,3,4,6,7."
D-547,WO-143,XGenAIModule.dll,struct-field,"C_HandContentElement / ...Required: item WUID uint64 @+0x28, hand uint8 @+0x48 (1 left, 2 right); +0x40 flag noted",read and build the tool in each hand,none,main,wo141.cpp:431,B,"depends on parent ""C_HandContentElement"" which has a retail route",,offset-of:C_HandContentElement,2 fields used (GameLoad reads exactly these); also wo143.cpp:220-221 duplicate.
D-548,WO-143,XGenAIModule.dll,rtti,.?AVC_HandContentElement@NPCState@xgenaimodule@wh@@,identify the current state's hand elements (slots 1/2),none,main,wo141.cpp:935,A,RTTI class and vftable present in retail,"rtti found, 1 vftable; MT control ok",rtti:.?AVC_HandContentElement@NPCState@xgenaimodule@wh@@,Missing -> hands not armed. Retail WHGame.dll/KingdomCome.exe scan (data-verified): rtti 1 hit.
D-549,WO-143,XGenAIModule.dll,rtti,.?AVC_HandContentElementRequired@NPCState@xgenaimodule@wh@@,identify a hand element built for the loaded state,none,main,wo141.cpp:936,A,RTTI class and vftable present in retail,"rtti found, 1 vftable; MT control ok",rtti:.?AVC_HandContentElementRequired@NPCState@xgenaimodule@wh@@,Missing -> hands not armed. Retail WHGame.dll/KingdomCome.exe scan (data-verified): rtti 1 hit.
D-550,WO-143,XGenAIModule.dll,string-anchor,"""wh::xgenaimodule::NPCState::HandContentElementRequired""",bind the rttr type for a hand element,none,main,wo141.cpp:938,A,string found in retail and referenced by exactly one function,"str found, 1 fn; MT control ok",str:wh::xgenaimodule::NPCState::HandContentElementRequired,Also wo143.cpp:1064; missing -> hands not armed. Retail WHGame.dll/KingdomCome.exe scan (data-verified): str 1 hit.
D-551,WO-143,XGenAIModule.dll,rtti,.?AVC_AnimAction@NPCState@xgenaimodule@wh@@,recognise a one-shot among the request's extra actions,none,engine-any,wo143.cpp:1062,A,RTTI class and vftable present in retail,"rtti found, 2 vftable; MT control ok",rtti:.?AVC_AnimAction@NPCState@xgenaimodule@wh@@,"Read inside the RequestStateChange gate, which may run on any engine thread (see hooks.jsonl). Retail WHGame.dll/KingdomCome.exe scan (data-verified): rtti 1 hit."
D-552,WO-143,XGenAIModule.dll,rtti,.?AVC_NPCLookTarget@xgenaimodule@wh@@,identify the look-target component inside an NPC object,none,main,wo143.cpp:1063,C,class RTTI absent in retail,rtti absent; MT control ok,rtti:.?AVC_NPCLookTarget@xgenaimodule@wh@@,Missing -> looks not armed. Retail WHGame.dll/KingdomCome.exe scan (data-verified): rtti 0 hits.
D-553,WO-143,XGenAIModule.dll,string-anchor,"""wh::xgenaimodule::NPCState::C_NPCContext::RequestStateChange""",proves the function at XGenAI+0x1881090 is RequestStateChange (function_refs),none,main,wo143.cpp:1069,C,anchor string absent in retail,str absent; MT control ok,str:wh::xgenaimodule::NPCState::C_NPCContext::RequestStateChange,__FUNCTION__-style string; retail may keep it if logging macros are not stripped. Retail WHGame.dll/KingdomCome.exe scan (data-verified): str 0 hits.
D-554,WO-143,XGenAIModule.dll,rtti,.?AVC_NPC@xgenaimodule@wh@@,find the NPC object vftable to read its look-getter slot,none,main,wo143.cpp:1095,A,RTTI class and vftable present in retail,"rtti found, 3 vftable; MT control ok",rtti:.?AVC_NPC@xgenaimodule@wh@@,Missing -> looks not armed. Retail WHGame.dll/KingdomCome.exe scan (data-verified): rtti 1 hit.
D-555,WO-143,multi,struct-field,"CryStringT<char> header at data-12: {int32 refcount, int32 len, int32 cap}; intern() gives refcount 0x40000000 (large positive, never reused)","strings the engine keeps pointers to (fragment, tags, resource, trigger point)",none,main,wo143.cpp:163,C,no retail evidence,,none,"3 fields of the engine string ABI; a negative refcount is swapped for """" by the engine's copy path (WO-97 trap)."
D-556,WO-143,XGenAIModule.dll,prologue-bytes,"XGenAIModule.dll+0x1881090 RequestStateChange(ctx, req)->int id (-1 refused), prologue 40 55 53 56 57 41 55 41 56 48 8D AC 24 98 FE FF FF 48 81 EC 68 02 00 00",capture one-shots (hook) and request one-shots (call),inline-gate,engine-any,wo143.cpp:203,C,pattern has 0 matches in retail,str absent; pattern matches 0; MT control ok,via-str:wh::xgenaimodule::NPCState::C_NPCContext::RequestStateChange|pat:40 55 53 56 57 41 55 41 56 48 8D AC 24 98 FE FF FF 48 81 EC 68 02 00 00,Fixed RVA gated by prologue AND the string reference; hook patches 24 bytes (always runs the original). Retail: locate by the string then verify the prologue shape. Retail WHGame.dll/KingdomCome.exe scan (data-verified): via-str 0 hits; pat 0 hits.
D-557,WO-143,XGenAIModule.dll,prologue-bytes,"XGenAIModule.dll+0x18CABA0 prologue 48 89 5C 24 18 55 56 41 56 48 8D 6C 24 B9 48 81 EC B0 00 00 00 (player state handler's anim-action builder: (nullptr, SharedPtr* out, AnimParams*))",build the C_AnimAction for a one-shot from the action database template,none,main,wo143.cpp:204,A,byte pattern matches exactly once in retail,pattern matches 1,pat:48 89 5C 24 18 55 56 41 56 48 8D 6C 24 B9 48 81 EC B0 00 00 00,Fixed RVA + 21-byte prologue only (no string anchor): the most fragile builder. Param block is 0x58 bytes (next row). Retail WHGame.dll/KingdomCome.exe scan (data-verified): pat 1 hit.
D-558,WO-143,XGenAIModule.dll,prologue-bytes,XGenAIModule.dll+0xDA6B20 prologue 40 56 41 56 48 83 EC 28 4C 8B F1 (make_shared<C_AnimEventContext>(SharedPtr* out)),"build the anim-event context (+0x00 npc WUID, +0x08 align WUID written)",none,main,wo143.cpp:205,C,pattern has 0 matches in retail,pattern matches 0,pat:40 56 41 56 48 83 EC 28 4C 8B F1,Fixed RVA + 11-byte prologue only. Two written fields (event ctx +0 and +8). Retail WHGame.dll/KingdomCome.exe scan (data-verified): pat 0 hits.
D-559,WO-143,XGenAIModule.dll,prologue-bytes,XGenAIModule.dll+0x506710 prologue 48 89 5C 24 08 57 48 83 EC 20 33 FF 48 8B D9 48 89 39 41 B8 03 00 00 00 (request 'required block' constructor at req+0x70),default required block of a state-change request,none,main,wo143.cpp:206,C,pattern has 0 matches in retail,pattern matches 0,pat:48 89 5C 24 08 57 48 83 EC 20 33 FF 48 8B D9 48 89 39 41 B8 03 00 00 00,Fixed RVA + 24-byte prologue only. Retail WHGame.dll/KingdomCome.exe scan (data-verified): pat 0 hits.
D-560,WO-143,XGenAIModule.dll,prologue-bytes,XGenAIModule.dll+0x18887C0 prologue 40 53 48 81 EC 60 01 00 00 48 8B 05 (C_NPCContext pre-update: fires the finished request's callback),step 1 of the paused-copy NPC-state tick,none,main,wo143.cpp:207,B,pattern has [5] matches (PGO duplicates); needs a second anchor,pattern matches 5,pat:40 53 48 81 EC 60 01 00 00 48 8B 05,"Fixed RVA + 12-byte prologue only. A paused copy's NPC state does not run by itself: losing this = one-shots never finish, hoe flips between grips. Retail WHGame.dll/KingdomCome.exe scan (data-verified): pat 5 hits (a raw byte pattern with several hits does not identify the function alone)."
D-561,WO-143,XGenAIModule.dll,prologue-bytes,"XGenAIModule.dll+0x1625D20 prologue 40 53 48 83 EC 30 48 8B D9 48 8D 0D (action executor Update, arg = NPC object +0x1048)",step 2 of the paused-copy NPC-state tick,none,main,wo143.cpp:208,A,byte pattern matches exactly once in retail,pattern matches 1,pat:40 53 48 83 EC 30 48 8B D9 48 8D 0D,Fixed RVA + 12-byte prologue only. Retail WHGame.dll/KingdomCome.exe scan (data-verified): pat 1 hit.
D-562,WO-143,XGenAIModule.dll,prologue-bytes,"XGenAIModule.dll+0x1887AC0 prologue 40 55 41 54 48 8D AC 24 58 FF FF FF 48 81 EC A8 01 00 00 == the function referencing ""wh::xgenaimodule::NPCState::C_NPCContext::StartUpcomingSearchResult""",step 3 of the paused-copy NPC-state tick (starts the search result),none,main,wo143.cpp:209,C,pattern has 0 matches in retail,str absent; pattern matches 0; MT control ok,via-str:wh::xgenaimodule::NPCState::C_NPCContext::StartUpcomingSearchResult|pat:40 55 41 54 48 8D AC 24 58 FF FF FF 48 81 EC A8 01 00 00,Only one of the three tick steps with a string cross-check (function_by_string must equal the RVA). Retail WHGame.dll/KingdomCome.exe scan (data-verified): via-str 0 hits; pat 0 hits.
D-563,WO-143,XGenAIModule.dll,global,XGenAIModule.dll+0x2E416B0 (uint64 invalid-align WUID: 'no align object') and +0x2E3BCA0 (uint64 default trigger id),fill the AnimParams defaults exactly as the builder's own test,none,main,wo143.cpp:210,C,"parent ""PlayAnimationAction builder"" unresolved",,offset-of:PlayAnimationAction builder,2 fixed data RVAs read as uint64; no validation beyond being readable (fixed RVA; MT-only).
D-564,WO-143,XGenAIModule.dll,struct-field,"C_AnimAction: fragment CryString* @+0x1A8, tags CryString* @+0x1B0, align WUID @+0x1B8","capture a one-shot's fragment, tags and alignment object",none,engine-any,wo143.cpp:222,B,"depends on parent ""C_AnimAction"" which has a retail route",,offset-of:C_AnimAction,3 fields read inside the RequestStateChange gate (any thread).
D-565,WO-143,XGenAIModule.dll,struct-field,"S_NPCStateChangeRequest (sizeof 0x120, zeroed buffer): std::function<void(uint,int)> @+0x00 (0x40 B), urgency u8 @+0x40, action shared_ptr @+0x48, bytes @+0x5C/+0x5D = 1, event-ctx shared_ptr @+0x60, required block @+0x70 (impl2 ptr @block+0xA0, inline storage @block+0x68, control block @block+0x40), name CryString @+0x118","construct, submit and tear down a one-shot request the way the player's handler does",none,main,wo143.cpp:225,C,"depends on parent ""C_NPCContext::RequestStateChange"" which has no retail anchor",,offset-of:C_NPCContext::RequestStateChange,~12 fields in one object; teardown calls impl2 vtbl slot 0x20 and releases the block's control block. Wrong layout -> leak or crash on the main thread; SEH-guarded only around the call.
D-566,WO-143,XGenAIModule.dll,struct-field,"request (read in the gate): extra action shared_ptr @req+0x48 (ptr first), requester name CryString @req+0x118",catch the one-shot and the requester's name,none,engine-any,wo143.cpp:225,C,"depends on parent ""S_NPCStateChangeRequest"" which has no retail anchor",,offset-of:S_NPCStateChangeRequest,2 fields; overlaps the request layout row but read on the engine thread inside the gate.
D-567,WO-143,XGenAIModule.dll,vtable-slot,C_NPC vtbl+0x210 look-target getter (40 53 48 83 EC 20 48 8B D9 48 8D 0D rel32 E8 rel32 48 8D 83 disp32 48 83 C4 20 5B C3),derive the look-target component's offset in the NPC object from the getter's lea disp32 (0x1C0 on 1.5.5),none,main,wo143.cpp:230,B,vtable found; slot 66 function does not match the code-side byte checks,"rtti found, 3 vftable; pattern matches 0; slot 66 checks [None]; MT control ok",via-rtti:.?AVC_NPC@xgenaimodule@wh@@|pat:40 53 48 83 EC 20 48 8B D9 48 8D 0D ?? ?? ?? ?? E8 ?? ?? ?? ?? 48 8D 83 ?? ?? ?? ?? 48 83 C4 20 5B C3,"Shape-matches the getter and requires disp in (0,0x4000); component then vftable-checked (C_NPCLookTarget). Logged offset +0x1C0. Retail WHGame.dll/KingdomCome.exe scan (data-verified): via-rtti 1 hit; pat 0 hits."
D-568,WO-143,XGenAIModule.dll,struct-field,"C_NPCLookTarget +0x30 kind uint32 (0 none, 1 entity, 2 point), +0x38 target WUID uint64",idles: who a copy looks at,none,main,wo143.cpp:231,C,"depends on parent ""C_NPCLookTarget"" which has no retail anchor",,offset-of:C_NPCLookTarget,2 fields + 3 enum values (wo143_rules.h:96); read only (forced looks are never applied to paused copies).
D-569,WO-143,XGenAIModule.dll,struct-field,NPC object +0x10 = the NPC's own WUID; +0x1048 = action executor (C_NPC::Update param_1+0x209); +0x9C0 = C_NPCContext,npc_object(eid) fields for the request and the paused-copy tick,none,main,wo143.cpp:233,B,"depends on parent ""C_NPC"" which has no retail anchor; owning class C_NPC has RTTI in retail; layout/slot must be re-derived from its methods (inferred)",,offset-of:C_NPC,3 fields; +0x9C0 duplicates wo141.cpp:189; context is recovered from a captured ctx by ctx-0x9C0 (wo143.cpp:497).
D-570,WO-143,XGenAIModule.dll,struct-field,"AnimParams (sizeof 0x58): fragment CryString* +0x00, tags +0x08, align WUID +0x10, resource +0x18, slaveEid u32 +0x20, trigger +0x28, triggerPoint +0x30, +0x38 u64, +0x40 u32, +0x44 u8, +0x48 CryString*, +0x50..0x52 bytes",the scriptbind's parameter block the builder reads,none,main,wo143.cpp:532,C,"parent ""PlayAnimationAction builder"" unresolved",,offset-of:PlayAnimationAction builder,"~13 fields, read from C_PlayerStateHandlerScriptBind::PlayAnimationAction's locals; static_assert sizeof == 0x58."
D-571,WO-143,multi,struct-field,"MSVC std::function<void(unsigned,int)>: sizeof == 0x40 (static_assert), small-buffer storage, impl pointer last",a non-empty callback inside the request (an empty one makes the engine throw),none,main,wo143.cpp:581,C,no retail evidence,,none,"STL ABI fact; the engine copies the std::function, so our DoneFn must fit the inline storage."
D-572,WO-143,XGenAIModule.dll,struct-field,"one-shot request result enum (callback int): 0 failed, 2 done, 3 interrupted",finish/fail bookkeeping of a one-shot,none,main,wo143.cpp:723,C,no retail evidence,,none,3 enum values; docs/WO-143-findings.md s1.3. Result passed as 1 byte.
D-573,WO-143,multi,string-anchor,"actorCondition_forcedHoeing, _forcedDrunkenness, _forcedInjured, _forcedArmored, _forcedFatness, _fatness, _forcedCrimeScanning, _forcedCrimeWatching_violent, _forcedCrimeWatching_nonViolent","the 9 gait entity-contexts read/written through the WO-68 context manager (script_context.cpp, other file)",none,main,wo143_rules.h:38,D,"data-carried name: absent from the retail binary as a literal but present in game data (Scripts.pak:AI/profession/farmer/so_field.xml), which is identical in both builds",str absent; MT control anchor not found in any MT module,str:actorCondition_forcedHoeing,"Game-data names (Tables ai/ScriptContext.xml), bit i = index; names live in Tables.pak, not necessarily in the image. 9 strings. Retail WHGame.dll/KingdomCome.exe scan (data-verified): str 0 hits."
D-574,WO-144,CryEntitySystem.dll,struct-field,"body_kind(): class pointer == NPC/NPC_Female (0), Horse (1), Wolf/WildDog/Boar (2)",writer binds horses/animals through the entity write when physics is not a living entity,none,main,npc_scan.cpp:286,C,"parent ""IEntity::GetClass"" unresolved",,offset-of:IEntity::GetClass,Uses the same cached class pointers; -1 when unresolved.
D-575,WO-144,RPGModule.dll,struct-field,"C_NPCFactionNode child list at +0x1E8 (vector<weak_ptr>); C_Faction::IsPlayerNode = vtable slot 8 (RPGModule+0x439440), crash site RPGModule+0x4394A4",explain the reload crash; not dereferenced by us,none,main,rttr_abi.cpp:1130,B,"owning class C_NPCFactionNode, C_Faction has RTTI in retail; layout/slot must be re-derived from its methods (inferred)",,none,"Documentation-only constants in a comment (code-verified comment, not used in code)."
D-576,WO-144,RPGModule.dll,export,?GetParent@C_FactionBase@rpgmodule@wh@@,C_FactionBase::GetParent (vtable-slot identity check / base address),none,main,rttr_abi.cpp:1161,B,"route via RTTR registration: class RTTI + method-name string ""GetParent"" (inferred)",,exp:?GetParent@C_FactionBase@rpgmodule@wh@@,RPGModule export; not exported on retail. SetParent is virtual (UEAA) - address used only to prove slot 11 is not the base.
D-577,WO-144,RPGModule.dll,export,?GetId@C_FactionBase@rpgmodule@wh@@,C_FactionBase::GetId (vtable-slot identity check / base address),none,main,rttr_abi.cpp:1162,B,"route via RTTR registration: class RTTI + method-name string ""GetId"" (inferred)",,exp:?GetId@C_FactionBase@rpgmodule@wh@@,RPGModule export; not exported on retail. SetParent is virtual (UEAA) - address used only to prove slot 11 is not the base.
D-578,WO-144,RPGModule.dll,vtable-slot,"C_NPCFactionNode vtable +11*8 = SetParent override (RPGModule+0x443740 in MT 1.5.5); slot 12 must == exported C_FactionBase::GetParent, slot 13 == exported GetId; slot 11 must lie in RPGModule image and != exported base SetParent",attach/detach an avatar's faction node via the node's OWN SetParent (base SetParent left avatar in old child list -> reload crash),none,main,rttr_abi.cpp:1172,B,class vtable present in retail; slot number/meaning must be re-verified,"rtti found, 1 vftable; MT control ok",via-rtti:.?AVC_NPCFactionNode@rpgmodule@wh@@,"Uses 3 vtable slots; validation relies on 3 split-module RPGModule exports and RPGModule image bounds - both MT-only. (data-verified) retail C_NPCFactionNode vftable at WHGame+0x3A33630: slot 11 (+0x3F2DE4) differs from C_FactionBase slot 11 (+0xD931D4 = plain parent rewrite) as an override should, slot 12 is the SAME function in both (+0x4FC298, GetParent-shaped, inferred), slot 13 is a float getter in the node and a stub in the base so it is probably not GetId on retail (inferred): the existing 12/13 check would fail."
D-579,WO-144,XGenAIModule.dll,struct-field,kSlotEquipment=4: the current state's ChangeEquipment element is carried into the loaded state unchanged,a placement or one-shot never changes clothes,none,main,wo141.cpp:230,B,"depends on parent ""C_NPCStateBase"" which has a retail route",,offset-of:C_NPCStateBase,"Copies the shared_ptr (ptr,ctrl) of slot 4 and adds a reference."
